year,month,m_avg,y_avg
1750,1,-0.466,2.805
1750,2,-0.836,3.025
1750,3,0.678,2.494
1750,4,0.095,1.24
1750,5,-1.205,1.153
1750,6,-0.559,1.01
1750,7,0.419,1.23
1750,8,0.676,1.015
1750,9,-0.782,1.566
1750,10,-2.244,1.47
1750,11,-4.331,1.872
1750,12,-2.988,2.218
1751,1,-1.403,2.813
1751,2,-2.648,2.937
1751,3,0.591,2.069
1751,4,-1.079,1.221
1751,5,-0.855,1.392
1751,6,-0.946,1.025
1751,7,1.063,1.467
1751,8,0.211,0.97
1751,9,-1.112,1.202
1751,10,-2.764,1.713
1751,11,-2.926,1.982
1751,12,-1.948,2.98
1752,1,-3.087,2.956
1752,2,2.264,3.847
1752,3,0.585,2.129
1752,4,-1.362,1.249
1752,5,-0.098,1.379
1752,6,0.372,1.153
1752,7,0.896,1.376
1752,8,-0.908,1.326
1752,9,NaN,NaN
1752,10,-1.442,1.492
1752,11,0.058,1.971
1752,12,-1.025,2.358
1753,1,-0.619,2.87
1753,2,-1.074,2.984
1753,3,1.22,2.137
1753,4,-0.682,1.255
1753,5,0.224,1.106
1753,6,0.025,1.065
1753,7,-0.229,1.446
1753,8,-0.778,1.02
1753,9,-1.282,1.254
1753,10,-0.672,1.45
1753,11,-1.15,1.907
1753,12,-3.968,2.465
1754,1,-0.416,2.853
1754,2,-2.496,3.001
1754,3,-0.976,2.076
1754,4,3.209,1.545
1754,5,0.78,1.32
1754,6,0.407,1.005
1754,7,0.177,1.435
1754,8,-1.144,1.071
1754,9,-1.625,1.254
1754,10,0.046,1.501
1754,11,-0.208,2.563
1754,12,-0.191,2.275
1755,1,-0.779,2.844
1755,2,-2.015,3.017
1755,3,-1.377,2.139
1755,4,0.413,1.302
1755,5,0.503,1.126
1755,6,0.882,1.184
1755,7,0.467,1.659
1755,8,-1.6,1.289
1755,9,-1.401,1.258
1755,10,1.49,1.57
1755,11,-1.104,2.062
1755,12,-2.144,2.247
1756,1,0.824,2.884
1756,2,2.943,3.717
1756,3,-0.353,2.976
1756,4,0.704,1.852
1756,5,0.688,2.66
1756,6,0.5,1.12
1756,7,-0.52,4.023
1756,8,-1.043,1.994
1756,9,-0.766,1.268
1756,10,-1.421,5.184
1756,11,-2.163,1.905
1756,12,-3.075,2.268
1757,1,-2.469,2.911
1757,2,1.393,3.37
1757,3,-0.448,2.747
1757,4,0.117,1.294
1757,5,0.657,1.303
1757,6,2.461,1.096
1757,7,2.383,1.739
1757,8,2.102,2.776
1757,9,0.991,3.722
1757,10,-3.846,3.22
1757,11,-1.978,4.549
1757,12,-2.93,2.355
1758,1,-4.398,4.216
1758,2,-2.547,3.484
1758,3,-1.336,2.103
1758,4,-1.426,1.777
1758,5,-2.525,3.559
1758,6,-0.956,2.372
1758,7,-1.307,2.415
1758,8,-2.999,3.423
1758,9,-2.536,1.522
1758,10,-3.585,1.619
1758,11,-0.948,1.89
1758,12,-1.789,2.222
1759,1,1.441,2.808
1759,2,1.427,3.962
1759,3,-0.491,2.795
1759,4,-1.993,2.601
1759,5,-1.884,2.497
1759,6,0.012,2.267
1759,7,-2.142,2.675
1759,8,-0.137,1.005
1759,9,-0.807,1.782
1759,10,-2.045,3.68
1759,11,-2.775,4.003
1759,12,-4.771,2.664
1760,1,-4.418,3.841
1760,2,-0.194,5.436
1760,3,-2.995,2.41
1760,4,-1.673,1.27
1760,5,-1.313,1.668
1760,6,-1.54,0.983
1760,7,-2.449,1.368
1760,8,-1.247,3.672
1760,9,-2.066,1.44
1760,10,-2.802,1.471
1760,11,-1.176,4.17
1760,12,-3.077,2.594
1761,1,-2.575,2.774
1761,2,-1.127,3.087
1761,3,0.727,2.008
1761,4,-1.017,1.329
1761,5,1.379,1.45
1761,6,2.957,1.23
1761,7,4.039,1.155
1761,8,0.738,1.69
1761,9,-0.294,1.96
1761,10,-3.433,2.123
1761,11,-1.161,5.427
1761,12,-5.988,2.189
1762,1,2.583,5.542
1762,2,0.936,2.983
1762,3,-1.614,3.868
1762,4,-0.038,1.798
1762,5,-0.965,2.482
1762,6,-0.608,1.61
1762,7,-0.832,2.325
1762,8,-0.284,2.143
1762,9,-2.022,1.795
1762,10,-3.085,3.576
1762,11,0.016,1.899
1762,12,-1.917,2.373
1763,1,-2.8,4.683
1763,2,-2.475,4.944
1763,3,-3.716,2.673
1763,4,-1.402,2.457
1763,5,-1.417,2.938
1763,6,-1.558,3.535
1763,7,1.696,1.449
1763,8,-0.816,2.524
1763,9,-1.168,2.941
1763,10,-3.017,1.589
1763,11,-2.052,2.629
1763,12,-1.204,2.41
1764,1,-2.061,2.773
1764,2,2.352,2.911
1764,3,-0.581,2.249
1764,4,-1.155,4.013
1764,5,-1.268,1.364
1764,6,-2.397,2.898
1764,7,-1.433,2.584
1764,8,-1.375,1.058
1764,9,-1.338,2.883
1764,10,0.727,1.987
1764,11,-0.449,2.576
1764,12,1.597,2.68
1765,1,1.387,5.871
1765,2,0.108,3.364
1765,3,1.14,2.336
1765,4,0.625,1.335
1765,5,-0.82,1.299
1765,6,-2.906,2.347
1765,7,-0.846,2.749
1765,8,-0.565,1.502
1765,9,-1.017,1.232
1765,10,-1.2,1.477
1765,11,-0.086,2.356
1765,12,-0.716,2.307
1766,1,-3.185,5.028
1766,2,1.002,3.108
1766,3,0.332,2.183
1766,4,-0.554,2.385
1766,5,-0.212,1.951
1766,6,-0.422,4.397
1766,7,-1.418,2.62
1766,8,-0.274,1.97
1766,9,0.156,1.868
1766,10,-0.949,2.013
1766,11,1.607,2.55
1766,12,-0.974,2.918
1767,1,-3.503,4.457
1767,2,-0.179,5.288
1767,3,1.114,4.41
1767,4,-2.358,3.629
1767,5,-1.457,1.576
1767,6,0.783,2.407
1767,7,-1.301,2.804
1767,8,0.814,1.424
1767,9,-0.319,2.235
1767,10,-0.243,2.253
1767,11,2.24,5.596
1767,12,-2.131,3.333
1768,1,-4.981,4.18
1768,2,-3.32,4.556
1768,3,-3.379,3.251
1768,4,-1.392,1.581
1768,5,-2.568,1.775
1768,6,-1.385,1.203
1768,7,-0.371,1.656
1768,8,-1.19,1.269
1768,9,-1.195,1.937
1768,10,-1.415,1.871
1768,11,-1.037,3.353
1768,12,-0.591,4.942
1769,1,-0.06,4.594
1769,2,-1.126,3.594
1769,3,-0.897,3.391
1769,4,0.511,2.857
1769,5,1.375,3.292
1769,6,1.269,1.415
1769,7,-0.219,1.449
1769,8,-0.449,2.267
1769,9,-0.709,1.21
1769,10,-4.004,1.958
1769,11,-3.051,1.823
1769,12,-4.264,2.876
1770,1,-0.492,4.35
1770,2,0.337,3.041
1770,3,-4.059,2.297
1770,4,1.186,3.68
1770,5,-1.476,1.181
1770,6,-2.014,2.946
1770,7,-3.01,1.419
1770,8,-2.212,2.681
1770,9,-0.924,1.737
1770,10,-0.098,2.13
1770,11,0.12,4.372
1770,12,1.18,3.129
1771,1,2.449,2.876
1771,2,-4.43,2.877
1771,3,-3.426,2.642
1771,4,-2.729,2.574
1771,5,-1.653,4.382
1771,6,0.082,1.409
1771,7,-0.737,1.176
1771,8,0.162,1.772
1771,9,-0.582,1.526
1771,10,0.963,1.51
1771,11,-1.317,2.053
1771,12,-0.86,2.863
1772,1,-0.934,5.074
1772,2,-2.15,6.284
1772,3,-2.861,2.347
1772,4,0.086,1.925
1772,5,-2.044,1.16
1772,6,-1.347,3.488
1772,7,0.099,2.073
1772,8,0.164,2.57
1772,9,-1.641,2.037
1772,10,0.182,1.818
1772,11,2.267,3.624
1772,12,2.557,2.987
1773,1,-3.279,2.839
1773,2,-1.805,3.152
1773,3,-1.025,2.175
1773,4,1.137,1.728
1773,5,1.704,1.5
1773,6,-0.863,1.34
1773,7,0.026,1.507
1773,8,-0.232,1.494
1773,9,0.506,1.646
1773,10,0.119,1.758
1773,11,-2.064,4.033
1773,12,2.265,3.29
1774,1,-3.239,4.426
1774,2,1.1,4.607
1774,3,-0.049,2.282
1774,4,1.619,3.144
1774,5,5.599,1.617
1774,6,1.816,5.125
1774,7,1.924,4.84
1774,8,0.221,1.671
1774,9,-1.132,1.6
1774,10,-0.762,3.38
1774,11,-2.763,3.016
1774,12,-3.058,3.543
1775,1,1.375,4.095
1775,2,2.56,2.554
1775,3,1.718,1.89
1775,4,-1.443,2.155
1775,5,-0.806,3.383
1775,6,-1.657,3.206
1775,7,-0.137,1.917
1775,8,0.286,2.809
1775,9,-1.025,2.566
1775,10,1.064,1.741
1775,11,2.198,1.988
1775,12,-1.975,2.264
1776,1,-3.439,2.577
1776,2,0.89,3.458
1776,3,-1.545,2.286
1776,4,-1.787,2.005
1776,5,-1.717,2.881
1776,6,0.334,1.187
1776,7,-0.821,2.396
1776,8,0.649,1.919
1776,9,-1.835,2.268
1776,10,-1.627,2.812
1776,11,-0.694,2.171
1776,12,0.917,2.71
1777,1,3.069,4.079
1777,2,1.073,2.843
1777,3,-0.873,2.013
1777,4,-3.016,2.35
1777,5,-0.696,1.697
1777,6,-1.73,2.162
1777,7,-2.227,1.715
1777,8,-1.624,1.5
1777,9,-1.157,2.83
1777,10,-2.8,2.595
1777,11,-0.666,2.353
1777,12,-0.318,2.157
1778,1,0.228,3.423
1778,2,2.055,3.17
1778,3,-1.823,2.265
1778,4,1.412,2.04
1778,5,-0.82,1.524
1778,6,-2.417,4.027
1778,7,0.106,1.777
1778,8,-1.774,2.891
1778,9,0.807,1.618
1778,10,-1.925,2.803
1778,11,-2.395,3.263
1778,12,-1.789,2.295
1779,1,-1.421,4.986
1779,2,1.271,6.004
1779,3,0.77,2.394
1779,4,0.379,2.678
1779,5,1.859,1.556
1779,6,-1.925,2.624
1779,7,-1.58,1.358
1779,8,-0.621,1.608
1779,9,0.169,1.665
1779,10,-0.173,2.601
1779,11,-0.11,2.3
1779,12,-1.25,3.137
1780,1,-0.328,3.617
1780,2,0.571,4.062
1780,3,-0.252,2.2
1780,4,4.361,1.963
1780,5,2.939,2.537
1780,6,0.239,3.761
1780,7,0.977,2.954
1780,8,-1.148,3.763
1780,9,-2.887,2.355
1780,10,0.54,1.581
1780,11,0.214,2.273
1780,12,-1.667,3.008
1781,1,-0.282,4.027
1781,2,-0.904,5.094
1781,3,-0.495,1.997
1781,4,-1.553,2.326
1781,5,-0.247,1.94
1781,6,-1.683,1.104
1781,7,-0.014,1.286
1781,8,0.662,1.102
1781,9,-1.569,2.456
1781,10,-0.555,1.289
1781,11,1.686,2.169
1781,12,-0.457,3.491
1782,1,-1.985,2.769
1782,2,-2.211,4.106
1782,3,-2.214,3.796
1782,4,0.173,1.486
1782,5,0.232,1.405
1782,6,0.233,1.159
1782,7,-0.415,1.512
1782,8,1.541,1.353
1782,9,0.567,1.406
1782,10,-0.629,2.856
1782,11,-1.268,2.779
1782,12,-1.697,2.954
1783,1,-3.557,2.996
1783,2,1.559,2.98
1783,3,-0.885,2.148
1783,4,-0.3,1.654
1783,5,0.653,2.702
1783,6,1.5,2.895
1783,7,-1.027,1.428
1783,8,0.059,1.339
1783,9,-2.191,2.754
1783,10,-1.444,2.938
1783,11,-3.615,3.523
1783,12,-0.994,2.114
1784,1,-0.389,5.039
1784,2,-1.786,4.9
1784,3,-1.004,2.796
1784,4,-0.191,1.664
1784,5,-1.875,1.208
1784,6,-0.389,1.708
1784,7,0.253,1.988
1784,8,1.379,2.104
1784,9,-1.64,2.703
1784,10,-1.478,1.386
1784,11,-0.949,3.272
1784,12,-0.53,2.381
1785,1,-0.306,2.719
1785,2,-1.331,4.056
1785,3,-3.989,3.565
1785,4,-1.42,2.509
1785,5,-1.29,1.219
1785,6,1.201,2.564
1785,7,0.2,1.524
1785,8,0.738,1.155
1785,9,-1.434,1.247
1785,10,-1.283,3.354
1785,11,0.11,1.785
1785,12,-2.176,2.266
1786,1,-2.321,2.8
1786,2,-1.279,3.303
1786,3,0.582,2.918
1786,4,0.073,1.68
1786,5,0.033,1.756
1786,6,0.036,1.858
1786,7,0.957,1.315
1786,8,0.84,1.118
1786,9,0.622,1.299
1786,10,-0.756,2.272
1786,11,-2.532,2.222
1786,12,-3.531,2.5
1787,1,0.731,4.518
1787,2,-0.171,3.384
1787,3,-0.116,2.253
1787,4,-1.046,1.838
1787,5,0.092,1.211
1787,6,0.724,1.622
1787,7,-0.777,2.177
1787,8,-0.384,1.013
1787,9,-1.818,1.515
1787,10,-1.262,1.3
1787,11,-0.888,2.638
1787,12,-1.123,2.206
1788,1,-2.376,3.595
1788,2,0.158,3.313
1788,3,-0.632,2.99
1788,4,-0.106,2.804
1788,5,-0.589,1.289
1788,6,0.525,0.996
1788,7,2.05,2.224
1788,8,0.662,1.499
1788,9,-0.113,1.835
1788,10,0.245,2.058
1788,11,0.535,2.156
1788,12,-3.765,3.251
1789,1,0.428,2.855
1789,2,-0.829,2.18
1789,3,-0.926,3.385
1789,4,-1.083,1.589
1789,5,0.016,2.658
1789,6,-0.228,0.816
1789,7,0.838,1.581
1789,8,0.049,0.833
1789,9,0.103,1.076
1789,10,-0.984,1.613
1789,11,0.325,2.573
1789,12,0.324,2.31
1790,1,0.528,2.048
1790,2,0.323,2.987
1790,3,-0.292,2.196
1790,4,-1.546,1.17
1790,5,-0.867,2.35
1790,6,0.142,0.983
1790,7,-0.953,1.06
1790,8,-0.492,0.731
1790,9,-0.624,1.193
1790,10,-0.55,1.327
1790,11,-0.746,1.48
1790,12,0.128,3.205
1791,1,0.889,3.169
1791,2,0.411,2.52
1791,3,0.357,2.168
1791,4,0.192,1.284
1791,5,-0.765,0.92
1791,6,-0.176,1.602
1791,7,-0.85,1.33
1791,8,-0.071,1.09
1791,9,-0.728,1.184
1791,10,-1.232,1.194
1791,11,0.321,2
1791,12,0.031,1.704
1792,1,-2.292,2.735
1792,2,0.545,3.276
1792,3,-0.469,1.933
1792,4,-0.471,1.315
1792,5,0.444,1.216
1792,6,0.853,0.846
1792,7,0.31,1.917
1792,8,-1.304,1.522
1792,9,0.23,1.475
1792,10,-1.343,1.411
1792,11,-0.848,1.964
1792,12,-0.193,2.121
1793,1,-1.035,2.605
1793,2,1.617,2.587
1793,3,0.259,1.737
1793,4,0.43,1.932
1793,5,-0.125,1.077
1793,6,-0.105,1.919
1793,7,0.121,1.917
1793,8,-0.569,1.934
1793,9,-0.569,2.07
1793,10,-0.884,1.804
1793,11,-0.478,3.426
1793,12,-1.535,2.296
1794,1,1.266,2.726
1794,2,0.019,4.021
1794,3,1.202,1.792
1794,4,0.534,1.844
1794,5,1.271,1.532
1794,6,-1.038,2.008
1794,7,-1.392,3.009
1794,8,-0.368,1.364
1794,9,0.414,0.967
1794,10,-0.09,1.211
1794,11,0.051,2.008
1794,12,-0.232,2.595
1795,1,0.656,2.361
1795,2,1.651,2.983
1795,3,0.976,1.672
1795,4,1.105,2.387
1795,5,0.721,1.906
1795,6,-0.672,1.575
1795,7,0.368,1.264
1795,8,0.023,1.431
1795,9,-1.432,1.218
1795,10,-1.024,2.114
1795,11,-0.172,2.39
1795,12,0.352,2.753
1796,1,1.417,2.426
1796,2,0.641,2.801
1796,3,-1.828,2.104
1796,4,-0.662,1.56
1796,5,0.03,0.884
1796,6,1.061,2.007
1796,7,-0.135,1.42
1796,8,0.832,2.48
1796,9,-0.06,2.264
1796,10,-0.082,1.189
1796,11,-0.487,1.953
1796,12,-2.381,2.656
1797,1,2.328,3.612
1797,2,3.083,3.151
1797,3,-0.628,3.125
1797,4,-1.299,2.872
1797,5,-0.815,2.176
1797,6,0.547,1.66
1797,7,-0.737,1.367
1797,8,0.016,2.464
1797,9,-0.089,2.436
1797,10,-0.446,1.349
1797,11,-1.227,1.721
1797,12,-0.066,2.262
1798,1,0.582,2.266
1798,2,0.235,2.55
1798,3,1.389,1.938
1798,4,-0.377,1.369
1798,5,-0.193,1.759
1798,6,-0.177,1.088
1798,7,0.455,1.188
1798,8,1.093,2.601
1798,9,-0.755,1.493
1798,10,-0.673,1.461
1798,11,0.139,2.56
1798,12,-1.372,2.171
1799,1,-0.177,1.936
1799,2,-2.077,2.081
1799,3,-1.792,2.342
1799,4,0.048,1.707
1799,5,-0.094,0.974
1799,6,0.161,1.363
1799,7,0.008,1.084
1799,8,-0.274,1.119
1799,9,-0.227,1.561
1799,10,0.045,1.045
1799,11,0.677,1.498
1799,12,-1.802,2.008
1800,1,-0.604,1.87
1800,2,-0.598,2.635
1800,3,-0.871,1.732
1800,4,0.715,1.019
1800,5,-0.776,1.048
1800,6,-0.13,0.769
1800,7,-0.62,1.252
1800,8,-0.256,1.228
1800,9,-1.062,1.153
1800,10,0.024,1.374
1800,11,0.018,1.86
1800,12,0.078,1.544
1801,1,1.066,2.077
1801,2,0.663,2.485
1801,3,1.608,1.44
1801,4,-0.766,1.148
1801,5,1.096,1.527
1801,6,-0.373,1.452
1801,7,0.137,1.549
1801,8,-1.158,1.109
1801,9,-0.229,1.007
1801,10,1.165,2.488
1801,11,-0.139,1.373
1801,12,1.079,2.116
1802,1,1.695,2.719
1802,2,1.487,2.934
1802,3,1.493,2.011
1802,4,0.488,1.832
1802,5,-1.151,1.988
1802,6,0.112,1.713
1802,7,-0.108,1.345
1802,8,-0.426,1.666
1802,9,0.02,1.037
1802,10,0.023,1.686
1802,11,-0.772,1.783
1802,12,-0.517,1.501
1803,1,-1.34,2.089
1803,2,-0.925,2.707
1803,3,-0.039,2.365
1803,4,0.808,1.178
1803,5,0.386,1.493
1803,6,0.29,0.711
1803,7,0.241,1.338
1803,8,0.795,1.585
1803,9,0.223,0.953
1803,10,0.67,2.212
1803,11,-0.129,1.492
1803,12,-0.768,1.711
1804,1,-0.304,3.506
1804,2,-1.115,2.08
1804,3,-0.944,1.923
1804,4,1.215,1.175
1804,5,0.65,1.435
1804,6,0.118,1.163
1804,7,1.306,1.103
1804,8,0.201,1.42
1804,9,0.246,2.019
1804,10,-0.321,1.076
1804,11,0.924,2.545
1804,12,-1.031,2.828
1805,1,0.4,2.033
1805,2,-0.344,2.086
1805,3,0.713,1.436
1805,4,-0.24,1.543
1805,5,-0.108,1.246
1805,6,0.502,1.303
1805,7,0.09,1.18
1805,8,1.105,1.345
1805,9,-0.244,2.265
1805,10,-1.933,1.661
1805,11,-1.555,2.441
1805,12,0.735,1.803
1806,1,0.414,2.491
1806,2,-0.162,2.252
1806,3,-0.458,1.539
1806,4,-0.35,2.005
1806,5,0.25,1.213
1806,6,-1.128,0.999
1806,7,-0.617,1.198
1806,8,0.59,1.206
1806,9,0.365,2.408
1806,10,-0.892,1.349
1806,11,-0.817,1.789
1806,12,0.419,1.996
1807,1,-1.699,2.817
1807,2,0.309,1.976
1807,3,-0.506,2.153
1807,4,-1.478,1.679
1807,5,-2.146,1.158
1807,6,-0.227,1.434
1807,7,-0.229,1.019
1807,8,-0.439,1.382
1807,9,0.465,1.005
1807,10,-0.401,0.923
1807,11,0.198,1.424
1807,12,0.853,1.275
1808,1,-1.485,4.255
1808,2,-0.993,2.048
1808,3,-0.946,2.757
1808,4,-1.081,1.446
1808,5,-1.999,1.956
1808,6,-0.246,1.309
1808,7,0.061,1.354
1808,8,-0.939,0.926
1808,9,-0.268,1.57
1808,10,-0.843,2.313
1808,11,-1.435,1.664
1808,12,-2.174,1.917
1809,1,-2.296,3.004
1809,2,-2.13,2.338
1809,3,-1.823,2.479
1809,4,-0.625,2.566
1809,5,-1.821,1.854
1809,6,-0.493,1.188
1809,7,-1.634,1.926
1809,8,-0.802,1.476
1809,9,-0.968,1.443
1809,10,-0.729,2.698
1809,11,-2.751,2.267
1809,12,-1.16,1.908
1810,1,-1.944,2.326
1810,2,-0.619,2.979
1810,3,-0.082,2.085
1810,4,-1.573,1.679
1810,5,-2.027,1.73
1810,6,-1.707,1.755
1810,7,-1.748,1.858
1810,8,-1.621,1.488
1810,9,-2.196,1.659
1810,10,-2.262,1.811
1810,11,-1.83,2.99
1810,12,-0.922,2.501
1811,1,-1.619,1.626
1811,2,-2.864,2.442
1811,3,-1.125,2.863
1811,4,-2.221,1.331
1811,5,-1.47,1.486
1811,6,-0.892,1.442
1811,7,-2.062,1.986
1811,8,-0.448,2.075
1811,9,-1.584,2.313
1811,10,-2.168,2.487
1811,11,-2.406,1.619
1811,12,0.095,2.407
1812,1,-1.313,3.748
1812,2,-2.908,2.768
1812,3,-2.922,1.807
1812,4,-1.46,2.546
1812,5,-1.725,0.993
1812,6,-1.597,1.006
1812,7,0.004,1.398
1812,8,1.478,1.174
1812,9,-1.673,2.995
1812,10,-1.515,1.541
1812,11,-1.335,2.511
1812,12,-2.172,3.105
1813,1,-3.801,2.656
1813,2,-0.9,1.815
1813,3,-3.019,2.165
1813,4,-0.214,1.977
1813,5,0.21,3.708
1813,6,-0.401,1.21
1813,7,-0.078,1.229
1813,8,-0.856,0.959
1813,9,0.198,2.103
1813,10,-0.717,1.293
1813,11,0.873,1.723
1813,12,-1.333,2.3
1814,1,-0.826,2.865
1814,2,-1.301,2.067
1814,3,-2.524,2.564
1814,4,-1.271,1.585
1814,5,-1.981,1.994
1814,6,-0.729,0.962
1814,7,-1.845,1.88
1814,8,-1.17,1.558
1814,9,-1.512,1.33
1814,10,-1.739,2.439
1814,11,0.864,2.845
1814,12,2.596,2.876
1815,1,-0.682,1.59
1815,2,-0.817,3.159
1815,3,-1.443,2.573
1815,4,-1.761,1.665
1815,5,-1.36,1.295
1815,6,-2.334,1.458
1815,7,-0.055,1.867
1815,8,-0.598,1.187
1815,9,-0.891,0.967
1815,10,-1.976,1.985
1815,11,-1.905,2.06
1815,12,-2.363,1.815
1816,1,0.309,2.746
1816,2,-3.442,2.78
1816,3,-1.375,2.183
1816,4,-0.85,1.439
1816,5,-0.59,1.081
1816,6,-1.793,1.338
1816,7,-2.29,1.396
1816,8,-1.35,1.02
1816,9,-1.816,1.137
1816,10,-3.854,3.676
1816,11,-1.805,3.601
1816,12,-1.519,1.944
1817,1,-0.678,2.973
1817,2,1.059,3.221
1817,3,0.027,2.194
1817,4,-0.068,1.574
1817,5,-1.718,1.261
1817,6,-2.417,1.043
1817,7,-2.191,1.811
1817,8,-0.607,0.954
1817,9,-3.696,2.017
1817,10,-2.94,2.428
1817,11,-1.066,1.544
1817,12,-2.802,2.59
1818,1,-0.554,1.805
1818,2,-1.62,1.942
1818,3,0.988,1.716
1818,4,1.858,1.15
1818,5,0.361,3.771
1818,6,0.662,3.927
1818,7,-0.848,1.374
1818,8,-0.692,1.385
1818,9,-1.858,1.233
1818,10,-2.493,2.807
1818,11,-0.026,1.77
1818,12,-0.842,1.572
1819,1,-1.22,1.939
1819,2,-0.902,2.884
1819,3,-2.5,3.708
1819,4,-1.58,1.439
1819,5,-0.935,1.798
1819,6,-0.814,2.274
1819,7,-1.32,1.111
1819,8,-1.236,1.527
1819,9,-0.76,1.522
1819,10,-0.697,1.294
1819,11,-0.81,1.205
1819,12,-1.963,1.595
1820,1,-2.98,2.398
1820,2,-0.681,2.144
1820,3,-0.56,1.579
1820,4,0.938,1.35
1820,5,0.279,0.887
1820,6,-0.207,0.805
1820,7,-0.594,0.985
1820,8,-1.553,1.365
1820,9,-0.738,1.263
1820,10,-1.851,1.139
1820,11,-1.432,1.027
1820,12,-2.044,1.262
1821,1,0.387,2.065
1821,2,0.884,2.714
1821,3,0.207,1.939
1821,4,-0.522,0.913
1821,5,-0.082,1.492
1821,6,-1.242,1.593
1821,7,-1.282,1.521
1821,8,-0.909,0.868
1821,9,-1.99,1.125
1821,10,-1.19,0.943
1821,11,-0.803,1.423
1821,12,-1.089,1.184
1822,1,-0.238,1.883
1822,2,1.065,1.73
1822,3,2.243,1.925
1822,4,-0.358,1.249
1822,5,-0.481,0.737
1822,6,-0.353,0.729
1822,7,-0.504,0.668
1822,8,-0.658,0.89
1822,9,-1.519,1.216
1822,10,-1.538,1.177
1822,11,-1.441,1.146
1822,12,-2.795,1.707
1823,1,-0.769,1.499
1823,2,-0.9,1.528
1823,3,-0.353,1.523
1823,4,-0.751,1.517
1823,5,-0.649,1.156
1823,6,0.061,1.099
1823,7,0.034,0.731
1823,8,-0.804,0.86
1823,9,-1.49,0.913
1823,10,-1.668,1.207
1823,11,-1.374,1.623
1823,12,-1.286,1.149
1824,1,0.332,1.371
1824,2,-0.402,2.115
1824,3,0.083,1.088
1824,4,0.036,0.931
1824,5,0.039,0.962
1824,6,-0.05,1.665
1824,7,0.079,1.403
1824,8,-0.746,1.011
1824,9,-0.545,1.685
1824,10,-1.369,0.859
1824,11,-0.645,1.104
1824,12,0.811,1.535
1825,1,0.146,1.796
1825,2,-0.269,1.375
1825,3,-0.267,1.261
1825,4,0.617,0.948
1825,5,-0.236,0.858
1825,6,0.146,0.837
1825,7,-0.886,1.432
1825,8,-0.81,1.599
1825,9,-1.099,1.381
1825,10,-1.132,1.026
1825,11,-0.294,1.835
1825,12,-0.658,1.144
1826,1,-0.644,1.418
1826,2,-1.436,1.581
1826,3,-0.526,1.264
1826,4,-0.147,1.304
1826,5,0.592,0.772
1826,6,-0.067,1.104
1826,7,0.12,1.261
1826,8,-0.694,1.27
1826,9,-0.913,0.85
1826,10,-0.769,1.03
1826,11,0.694,0.952
1826,12,1.023,1.319
1827,1,0.977,2.04
1827,2,0.567,1.87
1827,3,0.51,1.389
1827,4,0.937,1.624
1827,5,0.491,1.322
1827,6,0.13,1.038
1827,7,0.277,0.706
1827,8,-0.249,1.236
1827,9,-0.757,0.902
1827,10,-0.711,1.024
1827,11,0.026,1.118
1827,12,-0.581,1.471
1828,1,-1.783,1.538
1828,2,-1.287,1.705
1828,3,0.272,1.343
1828,4,0.3,1.565
1828,5,0.179,1.265
1828,6,0.343,1.208
1828,7,0.177,1.09
1828,8,-0.237,0.642
1828,9,-1.909,0.676
1828,10,-0.641,0.964
1828,11,-0.286,1.05
1828,12,-1.331,1.902
1829,1,-0.826,1.707
1829,2,-1.507,1.666
1829,3,-0.371,1.129
1829,4,-0.606,0.828
1829,5,0.037,1.29
1829,6,-0.718,1.116
1829,7,-0.1,0.923
1829,8,-0.562,0.842
1829,9,-1.337,0.732
1829,10,-0.711,0.84
1829,11,-0.952,1.091
1829,12,-0.895,1.405
1830,1,0.621,1.893
1830,2,1.018,1.809
1830,3,-0.648,1.272
1830,4,0.365,0.977
1830,5,-1.035,0.995
1830,6,-0.634,1.256
1830,7,0.413,1.206
1830,8,-0.406,1.088
1830,9,-1.476,0.789
1830,10,-1.104,0.81
1830,11,1.535,1.622
1830,12,0.906,1.523
1831,1,-0.128,2.064
1831,2,-0.554,3.386
1831,3,-0.624,1.539
1831,4,-0.548,0.958
1831,5,-0.208,1.421
1831,6,-0.411,1.894
1831,7,-0.748,0.915
1831,8,-1.483,1.091
1831,9,-1.82,1.021
1831,10,-1.409,0.948
1831,11,-1.384,1.394
1831,12,-1.354,2.226
1832,1,-0.473,1.701
1832,2,-1.321,1.769
1832,3,-0.42,1.508
1832,4,-0.442,1.061
1832,5,-0.658,1.228
1832,6,-0.79,1.373
1832,7,-0.62,1.538
1832,8,-1.559,1.454
1832,9,-1.565,1.001
1832,10,-0.738,0.899
1832,11,-1.748,1.302
1832,12,-2.477,1.55
1833,1,-0.344,1.857
1833,2,-0.26,1.273
1833,3,-0.924,1.628
1833,4,-0.614,0.773
1833,5,-0.556,0.723
1833,6,-0.333,0.932
1833,7,-0.628,0.977
1833,8,-0.588,0.804
1833,9,-0.805,0.797
1833,10,-1.361,0.859
1833,11,0.721,1.461
1833,12,-0.411,1.332
1834,1,-2.168,1.663
1834,2,-0.359,1.371
1834,3,0.567,1.078
1834,4,-0.293,1.189
1834,5,0.073,0.611
1834,6,-0.553,0.608
1834,7,-0.29,0.787
1834,8,-0.506,0.839
1834,9,-0.56,0.83
1834,10,-0.738,0.796
1834,11,0.562,1.015
1834,12,-0.542,1.136
1835,1,0.529,1.621
1835,2,-0.036,1.758
1835,3,-0.805,1.666
1835,4,-0.64,0.944
1835,5,-0.994,0.89
1835,6,-1.303,0.992
1835,7,-1.413,0.769
1835,8,-1.593,0.669
1835,9,-1.957,0.862
1835,10,-1.459,0.995
1835,11,-1.934,1.454
1835,12,-2.185,1.743
1836,1,-0.524,1.635
1836,2,-0.458,1.466
1836,3,0.145,1.126
1836,4,-1.194,1.266
1836,5,-1.101,1.047
1836,6,-0.889,0.924
1836,7,-0.836,0.665
1836,8,-1.46,1.634
1836,9,-1.198,1.151
1836,10,-0.466,1.537
1836,11,-1.992,1.582
1836,12,-0.527,1.115
1837,1,-0.138,1.803
1837,2,-0.37,2.027
1837,3,-1.37,1.418
1837,4,-2.149,1.029
1837,5,-1.375,1.532
1837,6,-1.226,0.964
1837,7,-0.971,1.048
1837,8,-0.714,0.907
1837,9,-1.143,0.968
1837,10,-1.584,1.038
1837,11,-1.619,1.418
1837,12,-1.037,1.564
1838,1,-3.06,2.058
1838,2,-1.422,1.498
1838,3,-1.546,1.751
1838,4,-0.975,1.289
1838,5,-1.265,0.789
1838,6,-0.577,0.653
1838,7,-0.02,0.697
1838,8,-0.276,0.84
1838,9,-0.828,0.993
1838,10,-0.612,1.115
1838,11,-0.75,1.357
1838,12,-0.866,1.295
1839,1,-0.106,1.768
1839,2,0.549,1.635
1839,3,-2.487,1.432
1839,4,-0.422,1
1839,5,-0.814,0.773
1839,6,-0.608,0.655
1839,7,0.188,0.881
1839,8,0.326,0.974
1839,9,-0.995,0.943
1839,10,-1.026,1.349
1839,11,-1.911,1.037
1839,12,-2.299,1.312
1840,1,0.39,1.457
1840,2,-0.865,1.277
1840,3,-1.142,1.544
1840,4,-0.517,0.75
1840,5,-0.038,0.868
1840,6,-0.132,0.67
1840,7,0.235,0.658
1840,8,-0.778,0.971
1840,9,-0.982,0.711
1840,10,-1.733,0.799
1840,11,-1.903,1.061
1840,12,-1.626,1.168
1841,1,-1.718,1.536
1841,2,-0.5,1.583
1841,3,-1.946,1.035
1841,4,-1.632,1.367
1841,5,-0.578,0.63
1841,6,-0.492,0.77
1841,7,0.116,0.717
1841,8,-0.258,0.707
1841,9,-1.165,0.708
1841,10,-0.636,0.827
1841,11,-1.416,0.94
1841,12,-1.088,1.464
1842,1,-0.73,1.614
1842,2,-0.187,1.259
1842,3,0.542,1.049
1842,4,-0.177,0.849
1842,5,-0.708,0.68
1842,6,-0.851,1.062
1842,7,-0.767,0.729
1842,8,-0.654,0.728
1842,9,-1.116,0.724
1842,10,-0.932,0.677
1842,11,-1.154,1.02
1842,12,0.169,1.097
1843,1,0.678,1.194
1843,2,0.924,1.207
1843,3,-0.417,0.967
1843,4,-0.607,0.726
1843,5,-1.305,0.773
1843,6,-1.065,0.575
1843,7,-0.548,0.516
1843,8,-0.682,0.637
1843,9,-0.864,0.629
1843,10,-0.611,0.681
1843,11,-1.131,0.887
1843,12,0.243,1.422
1844,1,-0.519,1.374
1844,2,-0.967,1.146
1844,3,-0.494,1.088
1844,4,-1.049,0.917
1844,5,-1.188,0.672
1844,6,-0.722,0.578
1844,7,-0.565,0.516
1844,8,-0.892,0.71
1844,9,-1.163,0.651
1844,10,-0.637,0.626
1844,11,-1.72,0.835
1844,12,-1.832,1.088
1845,1,0.029,1.388
1845,2,-1.612,1.468
1845,3,-0.799,0.904
1845,4,-0.338,0.815
1845,5,-0.833,0.677
1845,6,-0.69,0.558
1845,7,-0.157,0.64
1845,8,-0.396,0.693
1845,9,-0.868,1.049
1845,10,-1.599,0.928
1845,11,-0.948,0.972
1845,12,-2.02,1.299
1846,1,0.775,2.548
1846,2,0.337,1.418
1846,3,1.128,0.971
1846,4,-0.891,1.271
1846,5,-0.304,0.699
1846,6,-0.003,0.958
1846,7,0.464,0.864
1846,8,0.246,0.62
1846,9,-0.294,0.678
1846,10,-1.101,1.194
1846,11,-0.91,1.114
1846,12,-0.044,1.067
1847,1,0.207,1.47
1847,2,0.472,1.279
1847,3,-1.283,1.416
1847,4,-0.403,1.027
1847,5,-0.64,0.717
1847,6,-0.596,0.692
1847,7,-0.174,0.83
1847,8,-0.534,0.708
1847,9,-0.514,0.672
1847,10,-0.715,0.613
1847,11,-0.412,0.903
1847,12,-1.941,1.245
1848,1,-2.042,1.491
1848,2,0.686,1.379
1848,3,-0.508,0.952
1848,4,-0.371,0.782
1848,5,-0.654,0.882
1848,6,-0.289,0.854
1848,7,0.023,0.733
1848,8,-0.584,0.711
1848,9,-1.038,0.676
1848,10,-0.603,0.769
1848,11,-0.767,0.854
1848,12,-1.593,1.166
1849,1,-0.661,1.368
1849,2,-0.519,1.309
1849,3,0.079,1.24
1849,4,-1.25,0.808
1849,5,-1.123,0.641
1849,6,-0.512,0.749
1849,7,-0.017,0.77
1849,8,-0.344,0.807
1849,9,-0.953,0.596
1849,10,-0.445,0.61
1849,11,-0.171,1.266
1849,12,-1.778,0.796
1850,1,-1.878,1.339
1850,2,-0.027,1.52
1850,3,-0.398,1.147
1850,4,-1.18,0.878
1850,5,-1.213,0.62
1850,6,-0.354,0.566
1850,7,0.138,0.502
1850,8,0.146,0.665
1850,9,-0.577,0.549
1850,10,-1.302,0.764
1850,11,-1.382,1.399
1850,12,-0.86,1.299
1851,1,-0.092,0.982
1851,2,-0.611,1.038
1851,3,-1.103,0.832
1851,4,-1.112,0.829
1851,5,-0.21,0.788
1851,6,-0.172,0.585
1851,7,0.098,0.47
1851,8,-0.209,0.533
1851,9,-0.402,0.646
1851,10,-0.258,0.906
1851,11,-1.174,0.838
1851,12,-0.592,1.033
1852,1,-0.288,1.192
1852,2,-0.739,1.173
1852,3,-1.56,1.003
1852,4,-0.952,0.842
1852,5,-0.07,0.855
1852,6,-0.378,0.542
1852,7,-0.021,0.436
1852,8,-0.725,0.596
1852,9,-0.576,0.476
1852,10,-0.404,0.539
1852,11,-1.481,0.85
1852,12,0.069,0.895
1853,1,-0.851,1.151
1853,2,-0.996,1.289
1853,3,-1.242,0.936
1853,4,-0.777,0.63
1853,5,-0.3,0.595
1853,6,-0.086,0.555
1853,7,0.322,0.521
1853,8,0.116,0.516
1853,9,-0.454,0.456
1853,10,-0.739,0.67
1853,11,-1.355,0.787
1853,12,-0.769,0.776
1854,1,-1.408,1.189
1854,2,-1.286,0.917
1854,3,-0.448,0.79
1854,4,-0.734,0.892
1854,5,-0.187,0.511
1854,6,-0.689,0.412
1854,7,0.254,0.598
1854,8,-0.031,0.587
1854,9,-0.459,0.493
1854,10,0.55,0.745
1854,11,-0.234,0.845
1854,12,-0.134,1.615
1855,1,0.138,1.209
1855,2,-0.109,1.281
1855,3,-0.559,0.903
1855,4,0.265,0.825
1855,5,0.042,0.563
1855,6,-0.386,0.539
1855,7,-0.515,0.433
1855,8,-0.339,0.507
1855,9,-0.817,0.519
1855,10,-0.791,0.763
1855,11,-0.839,0.631
1855,12,-1.644,1.144
1856,1,0.169,0.91
1856,2,-0.918,1.005
1856,3,-0.837,0.85
1856,4,-0.51,0.564
1856,5,-0.534,0.502
1856,6,0.153,0.827
1856,7,-0.119,0.679
1856,8,-0.761,0.617
1856,9,-1.094,0.591
1856,10,-1.208,0.593
1856,11,-0.775,0.585
1856,12,-0.372,0.879
1857,1,-0.8,1.008
1857,2,-0.897,0.911
1857,3,-0.825,0.775
1857,4,-1.543,0.637
1857,5,-1.354,0.54
1857,6,-0.783,0.542
1857,7,-0.399,0.573
1857,8,-0.541,0.568
1857,9,-0.784,0.655
1857,10,-1.028,0.614
1857,11,-0.74,0.667
1857,12,-0.127,0.753
1858,1,-0.052,1.185
1858,2,-0.956,0.887
1858,3,-0.373,0.667
1858,4,-0.065,0.785
1858,5,-0.28,0.606
1858,6,-0.075,0.521
1858,7,-0.356,0.5
1858,8,-0.45,0.591
1858,9,-0.745,0.664
1858,10,-0.452,0.561
1858,11,-0.058,0.61
1858,12,-1.198,0.693
1859,1,-0.628,0.934
1859,2,-0.503,0.935
1859,3,-0.304,0.796
1859,4,0.312,0.605
1859,5,0.361,0.623
1859,6,0.057,0.578
1859,7,-0.221,0.553
1859,8,-0.41,0.498
1859,9,-0.786,0.485
1859,10,-0.286,0.565
1859,11,-0.112,0.608
1859,12,-0.376,0.862
1860,1,-0.775,0.906
1860,2,-0.648,0.704
1860,3,-1.81,0.984
1860,4,-0.488,0.582
1860,5,-0.128,0.694
1860,6,-0.009,0.416
1860,7,-0.005,0.696
1860,8,0.111,0.604
1860,9,-0.149,0.537
1860,10,-0.58,0.692
1860,11,-1.062,0.517
1860,12,-2.1,0.805
1861,1,-2.158,1.189
1861,2,-0.934,0.993
1861,3,-0.763,1.099
1861,4,-0.811,0.971
1861,5,-0.691,0.635
1861,6,-0.325,0.406
1861,7,-0.167,0.464
1861,8,0.04,0.508
1861,9,-0.598,0.541
1861,10,-0.955,0.463
1861,11,-0.181,0.589
1861,12,-0.783,0.752
1862,1,-2.114,1.258
1862,2,-1.566,0.9
1862,3,-0.98,0.975
1862,4,-1.188,1.157
1862,5,-0.32,0.476
1862,6,-0.459,0.619
1862,7,-0.29,0.475
1862,8,-0.638,0.553
1862,9,-0.906,0.419
1862,10,-1.051,0.533
1862,11,-1.209,0.894
1862,12,-2.085,1.074
1863,1,0.361,0.963
1863,2,0.196,1.392
1863,3,-0.539,0.889
1863,4,-0.275,0.548
1863,5,0.016,0.457
1863,6,-0.283,0.473
1863,7,-0.411,0.469
1863,8,-0.586,0.554
1863,9,-0.928,0.702
1863,10,-1.201,0.488
1863,11,-0.582,0.628
1863,12,-0.974,1.342
1864,1,-1.11,1.078
1864,2,-0.555,1.208
1864,3,-0.576,0.931
1864,4,-0.823,1.107
1864,5,-0.104,0.604
1864,6,0.048,0.649
1864,7,-0.038,0.762
1864,8,-0.361,0.646
1864,9,-0.632,0.497
1864,10,-0.616,0.599
1864,11,-0.919,0.786
1864,12,-1.554,0.657
1865,1,0.259,0.943
1865,2,-1.005,0.716
1865,3,-1.185,0.626
1865,4,-0.964,0.674
1865,5,-0.308,0.491
1865,6,-0.229,0.455
1865,7,0,0.642
1865,8,-0.109,0.583
1865,9,-0.184,0.515
1865,10,-0.157,0.479
1865,11,0.159,0.573
1865,12,-0.996,0.754
1866,1,0.31,0.948
1866,2,-0.95,1.122
1866,3,-0.843,1.099
1866,4,-0.527,0.824
1866,5,-0.335,0.601
1866,6,-0.511,0.508
1866,7,0.444,0.418
1866,8,-0.243,0.528
1866,9,-0.327,0.507
1866,10,-0.701,0.472
1866,11,-0.015,0.536
1866,12,0.357,0.625
1867,1,-0.218,0.976
1867,2,-0.599,1.046
1867,3,-0.724,0.659
1867,4,-0.202,0.469
1867,5,-0.688,0.531
1867,6,0.028,0.335
1867,7,0.139,0.63
1867,8,-0.055,0.503
1867,9,-0.078,0.424
1867,10,-0.023,0.539
1867,11,0.938,0.754
1867,12,-0.027,0.829
1868,1,-0.904,0.799
1868,2,-1.383,0.954
1868,3,-0.703,0.864
1868,4,-0.277,0.672
1868,5,-0.017,0.565
1868,6,-0.049,0.349
1868,7,0.364,0.394
1868,8,0.038,0.405
1868,9,-0.479,0.477
1868,10,0.042,0.714
1868,11,-0.938,0.502
1868,12,-0.521,0.921
1869,1,-0.454,1.03
1869,2,0.278,1.097
1869,3,-0.885,0.938
1869,4,-0.419,0.528
1869,5,0.064,0.495
1869,6,0.187,0.443
1869,7,0.196,0.391
1869,8,0.207,0.505
1869,9,0.359,0.477
1869,10,-0.336,0.471
1869,11,-0.274,0.576
1869,12,-0.992,0.691
1870,1,-0.702,0.876
1870,2,-1.178,0.866
1870,3,-0.714,0.587
1870,4,-0.525,0.49
1870,5,-0.018,0.485
1870,6,0.371,0.667
1870,7,0.328,0.478
1870,8,-0.274,0.454
1870,9,-0.02,0.407
1870,10,-0.525,0.53
1870,11,-0.51,0.636
1870,12,-1.569,0.622
1871,1,-1.407,0.742
1871,2,-1.526,0.945
1871,3,-0.541,0.945
1871,4,-0.006,0.501
1871,5,-0.414,0.466
1871,6,-0.235,0.416
1871,7,0.056,0.543
1871,8,0.118,0.541
1871,9,-0.417,0.467
1871,10,-0.269,0.411
1871,11,-1.194,0.749
1871,12,-0.926,0.637
1872,1,-1.06,0.836
1872,2,-0.84,0.75
1872,3,-0.459,0.671
1872,4,-0.596,0.612
1872,5,-0.069,0.539
1872,6,-0.27,0.551
1872,7,0.059,0.608
1872,8,0.058,0.474
1872,9,-0.135,0.431
1872,10,-0.248,0.448
1872,11,-0.886,0.491
1872,12,-1.342,0.652
1873,1,-0.811,0.757
1873,2,-0.073,0.801
1873,3,-0.471,0.519
1873,4,-0.964,0.541
1873,5,-0.228,0.461
1873,6,0.048,0.422
1873,7,0.053,0.542
1873,8,0.009,0.424
1873,9,-0.478,0.454
1873,10,-0.173,0.397
1873,11,-0.423,0.635
1873,12,-0.223,0.512
1874,1,-0.095,0.57
1874,2,-0.088,0.535
1874,3,-1.1,0.467
1874,4,-0.227,0.437
1874,5,0.289,0.624
1874,6,-0.029,0.439
1874,7,-0.115,0.347
1874,8,0.032,0.494
1874,9,0.145,0.452
1874,10,-0.166,0.401
1874,11,-0.407,0.415
1874,12,-0.462,0.453
1875,1,-1.11,0.557
1875,2,-0.749,0.683
1875,3,-0.951,0.507
1875,4,-0.815,0.453
1875,5,-0.427,0.455
1875,6,-0.135,0.452
1875,7,-0.077,0.346
1875,8,-0.401,0.43
1875,9,-0.707,0.424
1875,10,-0.665,0.379
1875,11,-1.442,0.637
1875,12,-1.006,0.497
1876,1,-0.668,0.559
1876,2,-0.444,0.534
1876,3,-0.392,0.521
1876,4,-0.123,0.507
1876,5,-0.502,0.447
1876,6,-0.188,0.342
1876,7,0.053,0.384
1876,8,-0.3,0.43
1876,9,-0.241,0.341
1876,10,-0.315,0.361
1876,11,-0.936,0.553
1876,12,-1.616,0.471
1877,1,-0.401,0.748
1877,2,-0.273,0.654
1877,3,0.125,0.391
1877,4,-0.354,0.391
1877,5,-0.048,0.485
1877,6,-0.04,0.455
1877,7,0.421,0.376
1877,8,0.397,0.471
1877,9,0.17,0.519
1877,10,0.007,0.431
1877,11,0.244,0.489
1877,12,-0.902,0.596
1878,1,-0.673,0.636
1878,2,0.686,0.602
1878,3,1.502,0.433
1878,4,0.597,0.427
1878,5,-0.149,0.457
1878,6,0.484,0.441
1878,7,0.63,0.385
1878,8,0.4,0.415
1878,9,0.199,0.363
1878,10,-0.037,0.387
1878,11,0.388,0.441
1878,12,-0.338,0.382
1879,1,-0.301,0.623
1879,2,-0.449,0.462
1879,3,-0.202,0.439
1879,4,-0.593,0.389
1879,5,-0.361,0.411
1879,6,-0.134,0.476
1879,7,-0.019,0.391
1879,8,-0.485,0.415
1879,9,-0.521,0.372
1879,10,0.011,0.418
1879,11,-0.55,0.371
1879,12,-1.212,0.554
1880,1,-0.827,0.556
1880,2,-1.239,0.566
1880,3,-0.733,0.608
1880,4,-0.873,0.47
1880,5,-0.184,0.486
1880,6,-0.19,0.421
1880,7,-0.143,0.461
1880,8,-0.064,0.594
1880,9,-0.577,0.389
1880,10,-0.597,0.467
1880,11,-0.218,0.474
1880,12,-0.548,0.441
1881,1,-0.169,0.617
1881,2,-0.55,0.507
1881,3,-0.179,0.455
1881,4,0.01,0.431
1881,5,0.021,0.509
1881,6,-0.627,0.394
1881,7,-0.101,0.426
1881,8,0.006,0.429
1881,9,-0.266,0.372
1881,10,-0.445,0.369
1881,11,-0.715,0.433
1881,12,-0.459,0.469
1882,1,0.46,0.502
1882,2,0.102,0.566
1882,3,-0.199,0.524
1882,4,-0.679,0.354
1882,5,-0.315,0.463
1882,6,-0.549,0.333
1882,7,-0.542,0.356
1882,8,-0.106,0.457
1882,9,-0.212,0.326
1882,10,-0.821,0.32
1882,11,-1.006,0.369
1882,12,-1.506,0.487
1883,1,-1.042,0.491
1883,2,-1.224,0.505
1883,3,-0.182,0.367
1883,4,-0.648,0.319
1883,5,-0.352,0.342
1883,6,0.031,0.305
1883,7,-0.247,0.351
1883,8,-0.526,0.366
1883,9,-0.587,0.299
1883,10,-0.281,0.311
1883,11,-1.073,0.308
1883,12,-0.389,0.424
1884,1,-0.382,0.419
1884,2,-0.512,0.426
1884,3,-1.227,0.412
1884,4,-1.128,0.299
1884,5,-1.035,0.372
1884,6,-0.765,0.365
1884,7,-0.611,0.408
1884,8,-0.409,0.379
1884,9,-0.686,0.34
1884,10,-0.756,0.289
1884,11,-0.863,0.336
1884,12,-0.616,0.418
1885,1,-1.442,0.519
1885,2,-0.831,0.476
1885,3,-0.468,0.411
1885,4,-0.879,0.345
1885,5,-0.604,0.387
1885,6,-0.631,0.315
1885,7,-0.197,0.389
1885,8,-0.435,0.405
1885,9,-0.507,0.37
1885,10,-0.501,0.398
1885,11,-0.671,0.332
1885,12,0.016,0.395
1886,1,-1.163,0.527
1886,2,-1.332,0.432
1886,3,-0.92,0.404
1886,4,-0.406,0.316
1886,5,-0.443,0.361
1886,6,-0.538,0.334
1886,7,-0.018,0.414
1886,8,-0.472,0.351
1886,9,-0.385,0.311
1886,10,-0.727,0.361
1886,11,-0.811,0.334
1886,12,-0.147,0.384
1887,1,-1.71,0.455
1887,2,-1.007,0.438
1887,3,-0.603,0.329
1887,4,-0.512,0.315
1887,5,-0.379,0.407
1887,6,-0.537,0.394
1887,7,-0.207,0.346
1887,8,-0.729,0.413
1887,9,-0.245,0.293
1887,10,-0.599,0.293
1887,11,-0.432,0.352
1887,12,-0.812,0.294
1888,1,-0.705,0.515
1888,2,-0.984,0.363
1888,3,-0.777,0.299
1888,4,-0.484,0.322
1888,5,-0.517,0.334
1888,6,-0.443,0.341
1888,7,-0.008,0.339
1888,8,-0.228,0.41
1888,9,-0.222,0.297
1888,10,-0.113,0.311
1888,11,-0.198,0.348
1888,12,-0.339,0.351
1889,1,-0.723,0.424
1889,2,0.435,0.328
1889,3,0.175,0.278
1889,4,0.26,0.313
1889,5,0.008,0.354
1889,6,-0.016,0.307
1889,7,0.009,0.353
1889,8,-0.316,0.349
1889,9,-0.385,0.298
1889,10,-0.52,0.281
1889,11,-0.992,0.294
1889,12,-0.567,0.346
1890,1,-0.748,0.377
1890,2,-0.653,0.427
1890,3,-0.944,0.323
1890,4,-0.53,0.31
1890,5,-0.759,0.415
1890,6,-0.514,0.315
1890,7,-0.25,0.377
1890,8,-0.511,0.38
1890,9,-0.409,0.278
1890,10,-0.126,0.259
1890,11,-1.063,0.309
1890,12,-0.748,0.337
1891,1,-0.942,0.381
1891,2,-1.268,0.354
1891,3,-0.388,0.41
1891,4,-0.684,0.283
1891,5,-0.381,0.389
1891,6,-0.478,0.306
1891,7,-0.313,0.33
1891,8,-0.299,0.373
1891,9,-0.263,0.271
1891,10,-0.617,0.233
1891,11,-0.903,0.294
1891,12,-0.05,0.316
1892,1,-0.635,0.349
1892,2,-0.381,0.361
1892,3,-0.871,0.383
1892,4,-0.763,0.275
1892,5,-0.509,0.362
1892,6,-0.087,0.407
1892,7,-0.341,0.321
1892,8,-0.362,0.347
1892,9,-0.312,0.285
1892,10,-0.073,0.238
1892,11,-1.131,0.421
1892,12,-0.783,0.395
1893,1,-2.075,0.312
1893,2,-1.475,0.342
1893,3,-0.219,0.307
1893,4,-0.34,0.334
1893,5,-0.439,0.422
1893,6,-0.258,0.344
1893,7,0.085,0.359
1893,8,-0.307,0.371
1893,9,-0.216,0.297
1893,10,-0.186,0.223
1893,11,-0.202,0.263
1893,12,-0.601,0.39
1894,1,-0.912,0.368
1894,2,-0.312,0.435
1894,3,-0.12,0.35
1894,4,-0.66,0.375
1894,5,-0.219,0.403
1894,6,-0.486,0.35
1894,7,-0.164,0.362
1894,8,-0.213,0.341
1894,9,-0.365,0.267
1894,10,-0.168,0.244
1894,11,-0.559,0.269
1894,12,-0.519,0.298
1895,1,-1.277,0.289
1895,2,-1.061,0.319
1895,3,-0.536,0.262
1895,4,-0.128,0.335
1895,5,-0.255,0.315
1895,6,-0.251,0.273
1895,7,-0.084,0.329
1895,8,-0.237,0.334
1895,9,-0.192,0.272
1895,10,-0.192,0.243
1895,11,-0.201,0.272
1895,12,-0.241,0.253
1896,1,-0.287,0.394
1896,2,-0.399,0.291
1896,3,-0.923,0.244
1896,4,-1.002,0.3
1896,5,-0.31,0.314
1896,6,-0.026,0.283
1896,7,0.009,0.37
1896,8,-0.107,0.362
1896,9,-0.155,0.316
1896,10,0.155,0.218
1896,11,-0.68,0.221
1896,12,-0.371,0.281
1897,1,-0.623,0.299
1897,2,-0.651,0.256
1897,3,-0.85,0.264
1897,4,-0.054,0.319
1897,5,0.21,0.331
1897,6,-0.057,0.244
1897,7,0.013,0.375
1897,8,-0.123,0.354
1897,9,-0.045,0.308
1897,10,-0.044,0.262
1897,11,-0.309,0.335
1897,12,-0.433,0.259
1898,1,0.196,0.33
1898,2,-0.747,0.283
1898,3,-1.429,0.268
1898,4,-0.474,0.363
1898,5,-0.379,0.33
1898,6,0.051,0.263
1898,7,-0.184,0.33
1898,8,-0.221,0.352
1898,9,-0.244,0.266
1898,10,-0.506,0.22
1898,11,-0.547,0.298
1898,12,-0.219,0.219
1899,1,0.002,0.262
1899,2,-0.725,0.253
1899,3,-0.563,0.285
1899,4,-0.006,0.462
1899,5,-0.098,0.354
1899,6,-0.358,0.251
1899,7,-0.043,0.357
1899,8,-0.023,0.379
1899,9,0.145,0.254
1899,10,0.055,0.253
1899,11,0.536,0.317
1899,12,-0.644,0.332
1900,1,-1.018,0.228
1900,2,0.013,0.347
1900,3,0.298,0.272
1900,4,-0.107,0.268
1900,5,0.277,0.344
1900,6,0.029,0.285
1900,7,-0.042,0.329
1900,8,0.034,0.374
1900,9,-0.001,0.257
1900,10,0.393,0.23
1900,11,-0.218,0.28
1900,12,0.027,0.298
1901,1,-0.42,0.259
1901,2,-0.004,0.364
1901,3,0.434,0.239
1901,4,0.227,0.254
1901,5,-0.012,0.302
1901,6,0.063,0.255
1901,7,0.087,0.333
1901,8,0.055,0.34
1901,9,-0.031,0.3
1901,10,-0.287,0.229
1901,11,-0.073,0.272
1901,12,-0.297,0.331
1902,1,0.049,0.31
1902,2,0.47,0.294
1902,3,-0.319,0.22
1902,4,-0.356,0.267
1902,5,-0.296,0.299
1902,6,-0.112,0.266
1902,7,-0.042,0.338
1902,8,-0.222,0.352
1902,9,-0.248,0.263
1902,10,-0.518,0.219
1902,11,-0.773,0.306
1902,12,-0.948,0.282
1903,1,-0.099,0.281
1903,2,0.352,0.29
1903,3,-0.225,0.272
1903,4,-0.461,0.272
1903,5,-0.399,0.308
1903,6,-0.488,0.271
1903,7,-0.279,0.317
1903,8,-0.372,0.335
1903,9,-0.542,0.265
1903,10,-0.493,0.239
1903,11,-0.46,0.253
1903,12,-0.746,0.257
1904,1,-0.87,0.213
1904,2,-0.8,0.224
1904,3,-0.649,0.221
1904,4,-0.635,0.27
1904,5,-0.353,0.33
1904,6,-0.378,0.255
1904,7,-0.461,0.355
1904,8,-0.342,0.385
1904,9,-0.643,0.265
1904,10,-0.549,0.218
1904,11,0.172,0.246
1904,12,-0.329,0.309
1905,1,-0.291,0.229
1905,2,-1.152,0.275
1905,3,-0.46,0.215
1905,4,-0.544,0.271
1905,5,-0.192,0.325
1905,6,-0.212,0.258
1905,7,-0.169,0.321
1905,8,-0.188,0.351
1905,9,-0.247,0.272
1905,10,-0.319,0.209
1905,11,0.124,0.219
1905,12,-0.287,0.216
1906,1,-0.518,0.231
1906,2,-0.749,0.243
1906,3,-0.248,0.212
1906,4,0.314,0.264
1906,5,0.052,0.313
1906,6,-0.001,0.293
1906,7,-0.12,0.32
1906,8,-0.082,0.345
1906,9,-0.243,0.249
1906,10,-0.052,0.21
1906,11,-0.489,0.244
1906,12,0.074,0.305
1907,1,-0.763,0.279
1907,2,-0.941,0.226
1907,3,-0.539,0.208
1907,4,-0.681,0.26
1907,5,-0.808,0.298
1907,6,-0.625,0.252
1907,7,-0.477,0.315
1907,8,-0.398,0.336
1907,9,-0.329,0.259
1907,10,-0.066,0.224
1907,11,-0.771,0.25
1907,12,-0.664,0.262
1908,1,-0.323,0.269
1908,2,-0.244,0.257
1908,3,-0.963,0.249
1908,4,-0.464,0.315
1908,5,-0.052,0.327
1908,6,-0.076,0.267
1908,7,-0.071,0.334
1908,8,-0.384,0.331
1908,9,-0.037,0.273
1908,10,-0.449,0.202
1908,11,-0.782,0.211
1908,12,-0.627,0.295
1909,1,-1.246,0.282
1909,2,-0.433,0.346
1909,3,-0.547,0.232
1909,4,-0.726,0.262
1909,5,-0.559,0.296
1909,6,-0.383,0.256
1909,7,-0.191,0.311
1909,8,-0.017,0.33
1909,9,-0.096,0.262
1909,10,-0.14,0.206
1909,11,0.205,0.255
1909,12,-0.446,0.264
1910,1,-0.208,0.296
1910,2,-0.316,0.267
1910,3,-0.51,0.295
1910,4,-0.197,0.254
1910,5,-0.204,0.295
1910,6,-0.242,0.269
1910,7,0.001,0.327
1910,8,-0.082,0.346
1910,9,-0.262,0.264
1910,10,-0.318,0.209
1910,11,-0.727,0.218
1910,12,-1.023,0.243
1911,1,-0.996,0.275
1911,2,-0.692,0.243
1911,3,-0.782,0.206
1911,4,-0.326,0.245
1911,5,-0.396,0.291
1911,6,-0.298,0.246
1911,7,-0.215,0.311
1911,8,-0.312,0.331
1911,9,-0.386,0.247
1911,10,-0.078,0.198
1911,11,-0.104,0.224
1911,12,-0.277,0.253
1912,1,-0.239,0.288
1912,2,0.109,0.251
1912,3,-0.843,0.205
1912,4,-0.088,0.256
1912,5,0.037,0.295
1912,6,0.099,0.236
1912,7,-0.521,0.313
1912,8,-0.682,0.335
1912,9,-0.79,0.247
1912,10,-0.983,0.187
1912,11,-0.506,0.205
1912,12,-0.656,0.258
1913,1,-0.568,0.197
1913,2,-0.784,0.258
1913,3,-0.658,0.198
1913,4,-0.332,0.261
1913,5,-0.484,0.313
1913,6,-0.371,0.271
1913,7,-0.122,0.314
1913,8,-0.062,0.331
1913,9,-0.249,0.252
1913,10,-0.266,0.246
1913,11,0.004,0.23
1913,12,0.415,0.29
1914,1,0.752,0.279
1914,2,0.091,0.243
1914,3,-0.222,0.201
1914,4,-0.265,0.249
1914,5,0.097,0.297
1914,6,0.13,0.244
1914,7,0.037,0.316
1914,8,-0.058,0.329
1914,9,-0.088,0.258
1914,10,0.091,0.21
1914,11,-0.252,0.233
1914,12,-0.078,0.245
1915,1,-0.344,0.192
1915,2,0.125,0.233
1915,3,-0.051,0.228
1915,4,0.35,0.245
1915,5,0.247,0.308
1915,6,-0.086,0.259
1915,7,0.117,0.335
1915,8,-0.051,0.344
1915,9,-0.19,0.256
1915,10,-0.363,0.228
1915,11,0.152,0.246
1915,12,-0.128,0.239
1916,1,-0.049,0.263
1916,2,-0.153,0.263
1916,3,-0.335,0.205
1916,4,-0.28,0.27
1916,5,-0.248,0.301
1916,6,-0.471,0.245
1916,7,-0.248,0.322
1916,8,-0.221,0.33
1916,9,-0.307,0.252
1916,10,-0.304,0.216
1916,11,-0.452,0.232
1916,12,-1.363,0.246
1917,1,-0.513,0.333
1917,2,-0.842,0.29
1917,3,-0.747,0.202
1917,4,-0.529,0.251
1917,5,-0.809,0.288
1917,6,-0.517,0.254
1917,7,-0.059,0.317
1917,8,-0.331,0.329
1917,9,-0.298,0.257
1917,10,-0.778,0.2
1917,11,-0.225,0.281
1917,12,-1.433,0.268
1918,1,-0.708,0.236
1918,2,-0.669,0.232
1918,3,-0.358,0.213
1918,4,-0.711,0.244
1918,5,-0.732,0.29
1918,6,-0.448,0.254
1918,7,-0.295,0.32
1918,8,-0.392,0.339
1918,9,-0.15,0.259
1918,10,0.079,0.198
1918,11,-0.35,0.213
1918,12,-0.881,0.253
1919,1,-0.45,0.216
1919,2,-0.313,0.252
1919,3,-0.478,0.213
1919,4,0.116,0.24
1919,5,-0.263,0.3
1919,6,-0.164,0.24
1919,7,-0.009,0.33
1919,8,-0.04,0.341
1919,9,-0.065,0.257
1919,10,0.004,0.231
1919,11,-0.559,0.221
1919,12,-0.493,0.282
1920,1,0.215,0.249
1920,2,-0.439,0.234
1920,3,0.038,0.2
1920,4,-0.061,0.276
1920,5,-0.117,0.289
1920,6,-0.305,0.26
1920,7,-0.052,0.317
1920,8,-0.17,0.344
1920,9,-0.257,0.263
1920,10,-0.331,0.22
1920,11,-0.519,0.227
1920,12,-1.093,0.21
1921,1,0.338,0.232
1921,2,-0.01,0.243
1921,3,-0.159,0.22
1921,4,-0.058,0.247
1921,5,-0.035,0.308
1921,6,0.041,0.253
1921,7,0.106,0.314
1921,8,-0.311,0.339
1921,9,-0.163,0.261
1921,10,-0.082,0.223
1921,11,-0.206,0.23
1921,12,-0.06,0.275
1922,1,-0.502,0.233
1922,2,-0.801,0.215
1922,3,-0.04,0.235
1922,4,0.027,0.268
1922,5,-0.164,0.292
1922,6,-0.088,0.254
1922,7,-0.063,0.322
1922,8,-0.301,0.342
1922,9,-0.315,0.267
1922,10,-0.309,0.214
1922,11,-0.022,0.253
1922,12,-0.063,0.248
1923,1,-0.124,0.234
1923,2,-0.608,0.239
1923,3,-0.344,0.222
1923,4,-0.615,0.262
1923,5,-0.398,0.287
1923,6,-0.17,0.271
1923,7,-0.372,0.32
1923,8,-0.278,0.326
1923,9,-0.194,0.263
1923,10,0.128,0.184
1923,11,0.298,0.218
1923,12,0.168,0.218
1924,1,-0.33,0.219
1924,2,-0.271,0.235
1924,3,0.131,0.21
1924,4,-0.426,0.245
1924,5,-0.1,0.296
1924,6,-0.116,0.256
1924,7,-0.039,0.309
1924,8,-0.235,0.328
1924,9,-0.135,0.258
1924,10,-0.178,0.231
1924,11,0.319,0.237
1924,12,-0.269,0.228
1925,1,-0.368,0.274
1925,2,-0.498,0.285
1925,3,-0.15,0.215
1925,4,0.026,0.261
1925,5,-0.241,0.297
1925,6,-0.37,0.274
1925,7,-0.282,0.324
1925,8,-0.093,0.351
1925,9,-0.097,0.264
1925,10,-0.194,0.197
1925,11,0.273,0.249
1925,12,0.62,0.273
1926,1,0.795,0.235
1926,2,0.514,0.203
1926,3,0.573,0.222
1926,4,-0.193,0.258
1926,5,-0.368,0.3
1926,6,-0.213,0.256
1926,7,-0.187,0.323
1926,8,-0.007,0.347
1926,9,0.011,0.256
1926,10,0.163,0.234
1926,11,0.191,0.273
1926,12,-0.437,0.23
1927,1,-0.373,0.23
1927,2,-0.227,0.254
1927,3,-0.602,0.2
1927,4,-0.36,0.264
1927,5,-0.147,0.295
1927,6,-0.203,0.259
1927,7,-0.059,0.315
1927,8,-0.179,0.334
1927,9,0.161,0.266
1927,10,0.503,0.208
1927,11,0.22,0.216
1927,12,-0.553,0.207
1928,1,0.284,0.217
1928,2,0.133,0.223
1928,3,-0.302,0.194
1928,4,-0.187,0.262
1928,5,-0.147,0.298
1928,6,-0.376,0.249
1928,7,-0.068,0.325
1928,8,-0.171,0.335
1928,9,-0.06,0.27
1928,10,0.069,0.199
1928,11,0.216,0.245
1928,12,0.083,0.253
1929,1,-0.682,0.25
1929,2,-1.084,0.219
1929,3,-0.18,0.21
1929,4,-0.378,0.261
1929,5,-0.419,0.292
1929,6,-0.565,0.254
1929,7,-0.44,0.311
1929,8,-0.229,0.329
1929,9,-0.291,0.257
1929,10,0.034,0.217
1929,11,0.016,0.224
1929,12,-1.268,0.236
1930,1,-0.387,0.231
1930,2,-0.113,0.221
1930,3,0.248,0.217
1930,4,-0.303,0.252
1930,5,-0.275,0.288
1930,6,-0.167,0.243
1930,7,0.079,0.314
1930,8,0.032,0.331
1930,9,-0.23,0.25
1930,10,-0.157,0.19
1930,11,0.429,0.206
1930,12,-0.01,0.255
1931,1,-0.031,0.239
1931,2,-0.527,0.231
1931,3,-0.019,0.194
1931,4,-0.301,0.251
1931,5,-0.337,0.291
1931,6,0.075,0.235
1931,7,0.218,0.314
1931,8,0.228,0.33
1931,9,0.203,0.262
1931,10,0.536,0.21
1931,11,0.114,0.223
1931,12,0.2,0.245
1932,1,0.868,0.239
1932,2,-0.266,0.245
1932,3,-0.347,0.206
1932,4,0.302,0.248
1932,5,-0.103,0.287
1932,6,-0.112,0.255
1932,7,0.019,0.319
1932,8,-0.138,0.347
1932,9,0.225,0.255
1932,10,0.277,0.202
1932,11,-0.246,0.231
1932,12,-0.301,0.202
1933,1,-0.578,0.221
1933,2,-0.603,0.212
1933,3,-0.43,0.201
1933,4,-0.353,0.242
1933,5,-0.284,0.282
1933,6,-0.367,0.242
1933,7,-0.108,0.333
1933,8,-0.102,0.332
1933,9,-0.224,0.257
1933,10,-0.16,0.206
1933,11,-0.249,0.205
1933,12,-0.674,0.256
1934,1,-0.297,0.222
1934,2,0.423,0.216
1934,3,-0.52,0.226
1934,4,-0.46,0.245
1934,5,0.169,0.28
1934,6,-0.072,0.24
1934,7,-0.004,0.319
1934,8,-0.109,0.335
1934,9,-0.334,0.263
1934,10,0.02,0.223
1934,11,0.239,0.219
1934,12,0.139,0.205
1935,1,-0.58,0.205
1935,2,0.844,0.212
1935,3,0.083,0.203
1935,4,-0.708,0.245
1935,5,-0.437,0.282
1935,6,-0.183,0.245
1935,7,-0.044,0.32
1935,8,-0.106,0.326
1935,9,-0.096,0.255
1935,10,0.085,0.197
1935,11,-0.683,0.209
1935,12,-0.409,0.209
1936,1,-0.524,0.2
1936,2,-0.761,0.2
1936,3,-0.282,0.203
1936,4,-0.343,0.24
1936,5,-0.084,0.293
1936,6,-0.131,0.257
1936,7,0.255,0.312
1936,8,-0.029,0.325
1936,9,-0.072,0.242
1936,10,0.062,0.197
1936,11,0.097,0.193
1936,12,0.092,0.22
1937,1,-0.294,0.215
1937,2,0.289,0.193
1937,3,-0.43,0.194
1937,4,-0.32,0.252
1937,5,0.082,0.289
1937,6,0.126,0.239
1937,7,0.028,0.306
1937,8,0.137,0.327
1937,9,0.316,0.25
1937,10,0.32,0.217
1937,11,0.221,0.204
1937,12,-0.346,0.222
1938,1,0.147,0.199
1938,2,0.155,0.23
1938,3,0.376,0.229
1938,4,0.464,0.266
1938,5,0.158,0.284
1938,6,-0.158,0.237
1938,7,0.106,0.314
1938,8,0.096,0.327
1938,9,0.343,0.246
1938,10,0.378,0.195
1938,11,0.406,0.2
1938,12,-0.301,0.218
1939,1,0.204,0.204
1939,2,-0.002,0.203
1939,3,-0.353,0.192
1939,4,-0.116,0.25
1939,5,0.216,0.289
1939,6,0.078,0.253
1939,7,0.069,0.314
1939,8,0.081,0.332
1939,9,-0.112,0.246
1939,10,-0.166,0.193
1939,11,0.043,0.196
1939,12,1.123,0.208
1940,1,-0.406,0.202
1940,2,0.138,0.21
1940,3,0.089,0.195
1940,4,0.261,0.248
1940,5,0.003,0.283
1940,6,0.117,0.245
1940,7,0.269,0.307
1940,8,0.002,0.327
1940,9,0.219,0.244
1940,10,0.075,0.204
1940,11,-0.056,0.209
1940,12,0.302,0.212
1941,1,-0.005,0.199
1941,2,0.36,0.203
1941,3,-0.103,0.186
1941,4,0.08,0.247
1941,5,0.162,0.282
1941,6,0.143,0.234
1941,7,0.322,0.302
1941,8,0.15,0.321
1941,9,-0.261,0.239
1941,10,0.295,0.181
1941,11,-0.194,0.189
1941,12,-0.144,0.196
1942,1,0.355,0.205
1942,2,-0.404,0.202
1942,3,-0.02,0.187
1942,4,-0.039,0.238
1942,5,0,0.282
1942,6,0.088,0.236
1942,7,-0.134,0.305
1942,8,-0.091,0.324
1942,9,0.061,0.242
1942,10,0.224,0.182
1942,11,0.245,0.184
1942,12,0.092,0.2
1943,1,-0.369,0.197
1943,2,0.254,0.206
1943,3,-0.185,0.184
1943,4,0.188,0.242
1943,5,0.149,0.28
1943,6,-0.327,0.233
1943,7,0.101,0.309
1943,8,-0.086,0.317
1943,9,0.008,0.236
1943,10,0.504,0.177
1943,11,0.107,0.19
1943,12,0.417,0.195
1944,1,0.775,0.193
1944,2,0.297,0.201
1944,3,0.208,0.181
1944,4,-0.037,0.239
1944,5,0.039,0.277
1944,6,-0.003,0.237
1944,7,0.118,0.315
1944,8,0.173,0.318
1944,9,0.363,0.232
1944,10,0.397,0.189
1944,11,-0.048,0.182
1944,12,-0.374,0.186
1945,1,-0.233,0.184
1945,2,-0.629,0.189
1945,3,-0.123,0.173
1945,4,0.205,0.235
1945,5,-0.237,0.28
1945,6,-0.151,0.238
1945,7,-0.146,0.299
1945,8,0.424,0.319
1945,9,0.128,0.24
1945,10,0.172,0.184
1945,11,-0.073,0.191
1945,12,-0.672,0.195
1946,1,0.244,0.183
1946,2,0.187,0.186
1946,3,-0.091,0.19
1946,4,0.36,0.226
1946,5,0.039,0.277
1946,6,-0.174,0.237
1946,7,0.045,0.298
1946,8,-0.051,0.319
1946,9,-0.016,0.228
1946,10,-0.115,0.179
1946,11,0.11,0.185
1946,12,-0.642,0.184
1947,1,-0.128,0.174
1947,2,0.021,0.191
1947,3,0.473,0.175
1947,4,0.222,0.231
1947,5,0.014,0.27
1947,6,-0.033,0.229
1947,7,-0.001,0.296
1947,8,-0.032,0.311
1947,9,0.093,0.228
1947,10,0.613,0.177
1947,11,0.291,0.178
1947,12,-0.163,0.196
1948,1,0.616,0.198
1948,2,-0.062,0.184
1948,3,-0.395,0.173
1948,4,0.022,0.221
1948,5,0.198,0.256
1948,6,0.181,0.22
1948,7,0.072,0.282
1948,8,0.013,0.297
1948,9,0.067,0.219
1948,10,0.18,0.161
1948,11,0.067,0.171
1948,12,-0.313,0.17
1949,1,0.483,0.172
1949,2,-0.519,0.184
1949,3,-0.268,0.173
1949,4,-0.13,0.216
1949,5,-0.021,0.258
1949,6,-0.267,0.222
1949,7,-0.156,0.291
1949,8,-0.052,0.301
1949,9,-0.14,0.223
1949,10,0.131,0.166
1949,11,0.01,0.173
1949,12,-0.351,0.186
1950,1,-0.724,0.172
1950,2,-0.545,0.158
1950,3,-0.072,0.146
1950,4,-0.347,0.195
1950,5,-0.038,0.228
1950,6,-0.098,0.201
1950,7,-0.201,0.248
1950,8,-0.407,0.224
1950,9,-0.111,0.197
1950,10,-0.228,0.156
1950,11,-0.717,0.136
1950,12,-0.257,0.16
1951,1,-0.581,0.149
1951,2,-0.909,0.152
1951,3,-0.223,0.146
1951,4,-0.082,0.166
1951,5,0.152,0.221
1951,6,-0.225,0.212
1951,7,-0.06,0.242
1951,8,0.157,0.258
1951,9,0.248,0.23
1951,10,0.294,0.15
1951,11,0.112,0.167
1951,12,0.516,0.163
1952,1,0.316,0.137
1952,2,0.123,0.194
1952,3,-0.351,0.171
1952,4,0.024,0.226
1952,5,0.03,0.265
1952,6,0.003,0.227
1952,7,0.217,0.294
1952,8,0.128,0.311
1952,9,0.195,0.229
1952,10,-0.234,0.172
1952,11,-0.68,0.182
1952,12,-0.128,0.185
1953,1,0.232,0.173
1953,2,0.367,0.184
1953,3,0.41,0.174
1953,4,0.429,0.234
1953,5,0.192,0.27
1953,6,0.159,0.228
1953,7,0.046,0.291
1953,8,0.21,0.308
1953,9,0.142,0.228
1953,10,0.207,0.175
1953,11,-0.19,0.181
1953,12,0.195,0.177
1954,1,-0.684,0.168
1954,2,-0.183,0.184
1954,3,-0.19,0.172
1954,4,-0.277,0.219
1954,5,-0.304,0.218
1954,6,-0.057,0.209
1954,7,-0.102,0.238
1954,8,0.004,0.261
1954,9,0.043,0.214
1954,10,0.18,0.149
1954,11,0.488,0.154
1954,12,-0.229,0.146
1955,1,0.681,0.144
1955,2,-0.1,0.128
1955,3,-0.712,0.122
1955,4,-0.321,0.142
1955,5,-0.117,0.189
1955,6,0.097,0.144
1955,7,-0.087,0.187
1955,8,0.443,0.219
1955,9,-0.113,0.147
1955,10,0.343,0.112
1955,11,-0.134,0.122
1955,12,-0.49,0.124
1956,1,-0.251,0.109
1956,2,-0.479,0.121
1956,3,-0.409,0.095
1956,4,-0.526,0.137
1956,5,-0.591,0.132
1956,6,-0.294,0.132
1956,7,-0.146,0.112
1956,8,-0.676,0.103
1956,9,-0.282,0.087
1956,10,-0.454,0.071
1956,11,-0.379,0.139
1956,12,-0.225,0.13
1957,1,-0.278,0.095
1957,2,-0.175,0.101
1957,3,-0.297,0.048
1957,4,-0.198,0.048
1957,5,-0.095,0.102
1957,6,0.224,0.087
1957,7,-0.246,0.157
1957,8,0.099,0.086
1957,9,0.137,0.186
1957,10,0.014,0.079
1957,11,0.251,0.178
1957,12,0.506,0.164
1958,1,0.815,0.093
1958,2,0.412,0.147
1958,3,0.147,0.056
1958,4,0.073,0.1
1958,5,0.206,0.118
1958,6,-0.293,0.124
1958,7,0.06,0.195
1958,8,-0.282,0.122
1958,9,-0.228,0.063
1958,10,-0.022,0.073
1958,11,0.151,0.103
1958,12,0.015,0.121
1959,1,0.239,0.069
1959,2,0.092,0.097
1959,3,0.576,0.163
1959,4,0.393,0.162
1959,5,0.054,0.044
1959,6,0.139,0.066
1959,7,0.123,0.106
1959,8,0.033,0.127
1959,9,-0.121,0.089
1959,10,-0.216,0.091
1959,11,-0.36,0.076
1959,12,-0.031,0.059
1960,1,-0.015,0.084
1960,2,0.545,0.119
1960,3,-1.01,0.051
1960,4,-0.35,0.104
1960,5,-0.431,0.114
1960,6,-0.025,0.125
1960,7,-0.142,0.062
1960,8,-0.015,0.106
1960,9,0.04,0.089
1960,10,0.089,0.081
1960,11,-0.296,0.102
1960,12,0.455,0.114
1961,1,0.206,0.045
1961,2,0.432,0.062
1961,3,0.254,0.044
1961,4,0.189,0.139
1961,5,0.311,0.109
1961,6,0.226,0.111
1961,7,-0.031,0.053
1961,8,0.022,0.13
1961,9,0.165,0.058
1961,10,-0.072,0.133
1961,11,0.078,0.061
1961,12,-0.328,0.068
1962,1,0.255,0.105
1962,2,0.41,0.081
1962,3,0.245,0.106
1962,4,0.092,0.121
1962,5,-0.179,0.058
1962,6,-0.022,0.181
1962,7,-0.128,0.067
1962,8,-0.149,0.101
1962,9,-0.079,0.171
1962,10,0.045,0.116
1962,11,0.132,0.055
1962,12,0.088,0.105
1963,1,0.165,0.1
1963,2,0.761,0.056
1963,3,-0.185,0.072
1963,4,-0.273,0.116
1963,5,-0.264,0.065
1963,6,-0.052,0.09
1963,7,0.169,0.088
1963,8,0.47,0.052
1963,9,0.5,0.156
1963,10,0.536,0.098
1963,11,0.404,0.084
1963,12,-0.063,0.082
1964,1,0.075,0.095
1964,2,-0.214,0.077
1964,3,-0.459,0.084
1964,4,-0.567,0.111
1964,5,-0.4,0.091
1964,6,0.037,0.047
1964,7,-0.017,0.161
1964,8,-0.19,0.1
1964,9,-0.477,0.106
1964,10,-0.59,0.071
1964,11,-0.159,0.062
1964,12,-0.386,0.043
1965,1,0.114,0.064
1965,2,-0.237,0.068
1965,3,-0.116,0.078
1965,4,-0.46,0.078
1965,5,-0.086,0.094
1965,6,-0.142,0.141
1965,7,-0.256,0.149
1965,8,-0.027,0.057
1965,9,-0.349,0.114
1965,10,0.116,0.128
1965,11,-0.259,0.137
1965,12,-0.035,0.046
1966,1,-0.251,0.072
1966,2,0.041,0.043
1966,3,0.266,0.077
1966,4,-0.264,0.111
1966,5,-0.075,0.11
1966,6,0.09,0.149
1966,7,0.271,0.096
1966,8,-0.068,0.101
1966,9,0.1,0.137
1966,10,-0.267,0.048
1966,11,-0.139,0.071
1966,12,-0.421,0.046
1967,1,-0.008,0.048
1967,2,-0.317,0.074
1967,3,0.147,0.106
1967,4,-0.019,0.116
1967,5,0.355,0.122
1967,6,-0.257,0.068
1967,7,0.04,0.131
1967,8,-0.104,0.131
1967,9,0.023,0.091
1967,10,0.422,0.074
1967,11,0.063,0.061
1967,12,0.115,0.063
1968,1,-0.384,0.034
1968,2,-0.02,0.055
1968,3,0.868,0.085
1968,4,0.022,0.087
1968,5,-0.283,0.061
1968,6,-0.202,0.083
1968,7,-0.379,0.077
1968,8,-0.338,0.093
1968,9,-0.477,0.125
1968,10,0.075,0.067
1968,11,-0.214,0.051
1968,12,-0.557,0.055
1969,1,-0.767,0.074
1969,2,-0.808,0.072
1969,3,-0.169,0.082
1969,4,0.146,0.079
1969,5,0.091,0.066
1969,6,0.041,0.068
1969,7,-0.101,0.121
1969,8,-0.009,0.081
1969,9,-0.028,0.12
1969,10,0.108,0.047
1969,11,0.31,0.071
1969,12,0.401,0.058
1970,1,0.101,0.035
1970,2,0.518,0.061
1970,3,0.021,0.112
1970,4,0.164,0.135
1970,5,-0.067,0.07
1970,6,0.071,0.141
1970,7,0.1,0.04
1970,8,-0.161,0.102
1970,9,0.248,0.077
1970,10,-0.019,0.075
1970,11,-0.066,0.069
1970,12,-0.299,0.055
1971,1,0.244,0.083
1971,2,-0.363,0.127
1971,3,-0.256,0.072
1971,4,-0.103,0.102
1971,5,-0.066,0.099
1971,6,-0.315,0.06
1971,7,-0.157,0.089
1971,8,0.066,0.078
1971,9,0.101,0.107
1971,10,0.017,0.075
1971,11,0.189,0.072
1971,12,0.067,0.067
1972,1,-0.842,0.085
1972,2,-0.648,0.06
1972,3,-0.044,0.106
1972,4,-0.086,0.078
1972,5,-0.113,0.083
1972,6,0.059,0.134
1972,7,-0.069,0.125
1972,8,0.361,0.075
1972,9,-0.126,0.143
1972,10,-0.048,0.132
1972,11,-0.313,0.082
1972,12,-0.005,0.036
1973,1,0.328,0.06
1973,2,0.668,0.072
1973,3,0.593,0.056
1973,4,0.55,0.117
1973,5,0.5,0.059
1973,6,0.41,0.085
1973,7,0.158,0.112
1973,8,0.076,0.14
1973,9,0.126,0.055
1973,10,0.244,0.11
1973,11,0.144,0.031
1973,12,0.074,0.056
1974,1,-0.425,0.085
1974,2,-0.659,0.069
1974,3,-0.071,0.108
1974,4,-0.06,0.093
1974,5,-0.077,0.088
1974,6,-0.016,0.097
1974,7,0.007,0.072
1974,8,0.232,0.11
1974,9,-0.268,0.141
1974,10,-0.239,0.055
1974,11,-0.213,0.059
1974,12,-0.239,0.109
1975,1,0.355,0.062
1975,2,0.19,0.076
1975,3,0.465,0.084
1975,4,0.193,0.088
1975,5,0.489,0.097
1975,6,0.148,0.154
1975,7,0.069,0.116
1975,8,-0.31,0.188
1975,9,0.112,0.107
1975,10,-0.022,0.048
1975,11,-0.17,0.034
1975,12,-0.088,0.039
1976,1,0.198,0.058
1976,2,-0.158,0.075
1976,3,-0.724,0.071
1976,4,-0.12,0.09
1976,5,-0.329,0.13
1976,6,-0.329,0.117
1976,7,-0.089,0.23
1976,8,-0.272,0.22
1976,9,-0.106,0.046
1976,10,-0.82,0.115
1976,11,-0.398,0.056
1976,12,-0.069,0.045
1977,1,-0.174,0.053
1977,2,0.294,0.084
1977,3,0.498,0.077
1977,4,0.448,0.074
1977,5,0.555,0.175
1977,6,0.495,0.085
1977,7,0.376,0.089
1977,8,0.332,0.114
1977,9,-0.127,0.083
1977,10,-0.151,0.074
1977,11,0.486,0.05
1977,12,0.027,0.105
1978,1,0.051,0.054
1978,2,0.278,0.077
1978,3,0.391,0.052
1978,4,0.403,0.052
1978,5,0.133,0.066
1978,6,-0.187,0.062
1978,7,0.093,0.168
1978,8,-0.489,0.064
1978,9,0.038,0.096
1978,10,0.009,0.043
1978,11,0.299,0.072
1978,12,0.004,0.102
1979,1,-0.004,0.064
1979,2,-0.343,0.03
1979,3,0.205,0.066
1979,4,0.061,0.079
1979,5,-0.108,0.178
1979,6,0.03,0.108
1979,7,-0.197,0.081
1979,8,0.047,0.097
1979,9,0.237,0.052
1979,10,0.235,0.088
1979,11,0.226,0.091
1979,12,0.853,0.053
1980,1,0.287,0.074
1980,2,0.482,0.099
1980,3,0.131,0.136
1980,4,0.519,0.195
1980,5,0.518,0.078
1980,6,0.187,0.153
1980,7,0.479,0.088
1980,8,0.409,0.225
1980,9,0.325,0.059
1980,10,0.221,0.047
1980,11,0.637,0.087
1980,12,0.277,0.069
1981,1,1.141,0.09
1981,2,0.839,0.049
1981,3,0.981,0.092
1981,4,0.539,0.069
1981,5,0.253,0.082
1981,6,0.369,0.069
1981,7,0.453,0.06
1981,8,0.75,0.043
1981,9,0.201,0.09
1981,10,0.043,0.083
1981,11,0.195,0.055
1981,12,0.792,0.071
1982,1,-0.106,0.067
1982,2,0.122,0.047
1982,3,-0.351,0.06
1982,4,0.078,0.072
1982,5,0.096,0.071
1982,6,-0.112,0.082
1982,7,0.291,0.056
1982,8,0.007,0.069
1982,9,0.043,0.054
1982,10,-0.095,0.051
1982,11,-0.073,0.145
1982,12,0.612,0.116
1983,1,0.78,0.053
1983,2,0.648,0.057
1983,3,0.455,0.072
1983,4,0.299,0.07
1983,5,0.492,0.087
1983,6,0.089,0.08
1983,7,0.125,0.073
1983,8,0.515,0.053
1983,9,0.697,0.109
1983,10,0.162,0.128
1983,11,0.712,0.071
1983,12,0.117,0.078
1984,1,0.276,0.069
1984,2,-0.104,0.056
1984,3,0.447,0.053
1984,4,0.03,0.138
1984,5,0.753,0.061
1984,6,-0.037,0.122
1984,7,0.154,0.097
1984,8,0.157,0.09
1984,9,0.012,0.088
1984,10,0.05,0.103
1984,11,-0.227,0.082
1984,12,-0.571,0.072
1985,1,0.371,0.069
1985,2,-0.481,0.053
1985,3,0.214,0.054
1985,4,0.222,0.091
1985,5,0.178,0.078
1985,6,0.195,0.093
1985,7,-0.275,0.089
1985,8,0.279,0.076
1985,9,-0.058,0.101
1985,10,0.018,0.153
1985,11,-0.075,0.08
1985,12,0.098,0.058
1986,1,0.654,0.086
1986,2,0.823,0.044
1986,3,0.57,0.073
1986,4,0.463,0.067
1986,5,0.352,0.081
1986,6,0.023,0.117
1986,7,0.04,0.07
1986,8,0.206,0.098
1986,9,-0.149,0.071
1986,10,0.016,0.089
1986,11,-0.096,0.06
1986,12,0.064,0.059
1987,1,0.494,0.039
1987,2,0.978,0.046
1987,3,0.059,0.039
1987,4,0.207,0.073
1987,5,0.273,0.073
1987,6,0.545,0.074
1987,7,0.629,0.125
1987,8,0.127,0.063
1987,9,0.481,0.084
1987,10,0.301,0.069
1987,11,0.011,0.067
1987,12,0.77,0.07
1988,1,0.817,0.049
1988,2,0.255,0.062
1988,3,0.708,0.113
1988,4,0.627,0.076
1988,5,0.626,0.098
1988,6,0.706,0.117
1988,7,0.501,0.071
1988,8,0.748,0.11
1988,9,0.713,0.095
1988,10,0.678,0.135
1988,11,0.268,0.066
1988,12,0.668,0.067
1989,1,0.066,0.064
1989,2,0.457,0.044
1989,3,0.564,0.091
1989,4,0.327,0.097
1989,5,0.037,0.113
1989,6,0.091,0.081
1989,7,0.362,0.061
1989,8,0.362,0.047
1989,9,0.421,0.068
1989,10,0.463,0.077
1989,11,0.168,0.066
1989,12,0.747,0.063
1990,1,0.618,0.071
1990,2,0.512,0.054
1990,3,1.507,0.081
1990,4,0.784,0.083
1990,5,0.584,0.081
1990,6,0.511,0.1
1990,7,0.509,0.066
1990,8,0.332,0.109
1990,9,0.223,0.195
1990,10,0.581,0.057
1990,11,0.882,0.107
1990,12,0.711,0.097
1991,1,0.599,0.06
1991,2,0.906,0.061
1991,3,0.34,0.045
1991,4,0.87,0.083
1991,5,0.372,0.082
1991,6,0.909,0.056
1991,7,0.74,0.058
1991,8,0.536,0.114
1991,9,0.675,0.079
1991,10,0.449,0.06
1991,11,0.392,0.047
1991,12,0.365,0.066
1992,1,0.927,0.03
1992,2,0.699,0.041
1992,3,0.691,0.066
1992,4,0.181,0.08
1992,5,0.289,0.075
1992,6,0.2,0.084
1992,7,-0.121,0.03
1992,8,-0.027,0.071
1992,9,-0.345,0.077
1992,10,0.057,0.08
1992,11,-0.136,0.115
1992,12,0.378,0.133
1993,1,0.651,0.104
1993,2,0.617,0.037
1993,3,0.697,0.046
1993,4,0.304,0.031
1993,5,0.242,0.058
1993,6,0.156,0.07
1993,7,0.299,0.072
1993,8,0.053,0.088
1993,9,-0.045,0.072
1993,10,0.321,0.073
1993,11,-0.28,0.08
1993,12,0.348,0.095
1994,1,0.406,0.113
1994,2,-0.34,0.083
1994,3,0.511,0.076
1994,4,0.634,0.042
1994,5,0.443,0.077
1994,6,0.777,0.074
1994,7,0.431,0.037
1994,8,0.167,0.067
1994,9,0.526,0.072
1994,10,0.697,0.066
1994,11,0.775,0.062
1994,12,0.38,0.049
1995,1,0.917,0.072
1995,2,1.495,0.036
1995,3,0.74,0.045
1995,4,0.611,0.051
1995,5,0.342,0.106
1995,6,0.79,0.072
1995,7,0.841,0.052
1995,8,0.845,0.033
1995,9,0.577,0.077
1995,10,0.791,0.08
1995,11,0.736,0.077
1995,12,0.393,0.058
1996,1,0.242,0.054
1996,2,0.819,0.072
1996,3,0.333,0.041
1996,4,0.288,0.043
1996,5,0.349,0.049
1996,6,0.292,0.088
1996,7,0.577,0.077
1996,8,0.808,0.033
1996,9,0.334,0.048
1996,10,0.207,0.062
1996,11,0.497,0.05
1996,12,0.597,0.06
1997,1,0.511,0.061
1997,2,0.591,0.045
1997,3,0.723,0.043
1997,4,0.473,0.064
1997,5,0.334,0.085
1997,6,0.755,0.078
1997,7,0.25,0.102
1997,8,0.435,0.067
1997,9,0.67,0.048
1997,10,0.804,0.059
1997,11,0.826,0.068
1997,12,0.704,0.074
1998,1,0.731,0.07
1998,2,1.662,0.051
1998,3,0.77,0.034
1998,4,0.977,0.057
1998,5,1.034,0.089
1998,6,1.155,0.094
1998,7,1.067,0.055
1998,8,1.094,0.06
1998,9,0.669,0.046
1998,10,0.64,0.088
1998,11,0.381,0.036
1998,12,0.977,0.046
1999,1,0.934,0.096
1999,2,1.504,0.072
1999,3,0.29,0.061
1999,4,0.411,0.078
1999,5,0.436,0.08
1999,6,0.659,0.064
1999,7,0.567,0.037
1999,8,0.559,0.058
1999,9,0.721,0.054
1999,10,0.668,0.075
1999,11,0.575,0.047
1999,12,0.835,0.062
2000,1,0.317,0.043
2000,2,1.007,0.037
2000,3,0.964,0.034
2000,4,1.158,0.063
2000,5,0.621,0.09
2000,6,0.673,0.079
2000,7,0.571,0.041
2000,8,0.737,0.068
2000,9,0.579,0.065
2000,10,0.14,0.045
2000,11,0.239,0.05
2000,12,0.14,0.054
2001,1,0.706,0.054
2001,2,0.55,0.041
2001,3,0.999,0.04
2001,4,0.832,0.046
2001,5,1.03,0.069
2001,6,0.711,0.088
2001,7,0.863,0.056
2001,8,0.628,0.075
2001,9,0.72,0.097
2001,10,0.565,0.066
2001,11,1.262,0.052
2001,12,0.776,0.063
2002,1,1.382,0.096
2002,2,1.511,0.074
2002,3,1.536,0.028
2002,4,0.816,0.047
2002,5,1.015,0.053
2002,6,0.713,0.041
2002,7,1.062,0.099
2002,8,0.771,0.061
2002,9,0.971,0.085
2002,10,0.676,0.077
2002,11,0.876,0.045
2002,12,0.338,0.078
2003,1,1.346,0.066
2003,2,0.932,0.063
2003,3,0.825,0.064
2003,4,0.767,0.041
2003,5,0.915,0.101
2003,6,0.631,0.085
2003,7,0.721,0.096
2003,8,0.867,0.086
2003,9,0.898,0.092
2003,10,1.077,0.064
2003,11,0.645,0.073
2003,12,1.417,0.064
2004,1,0.903,0.054
2004,2,1.306,0.063
2004,3,1.1,0.062
2004,4,0.851,0.052
2004,5,0.301,0.056
2004,6,0.525,0.097
2004,7,0.034,0.104
2004,8,0.398,0.052
2004,9,0.625,0.091
2004,10,0.854,0.091
2004,11,1.286,0.063
2004,12,0.545,0.072
2005,1,1.161,0.069
2005,2,0.77,0.079
2005,3,1.332,0.038
2005,4,1.198,0.105
2005,5,0.987,0.088
2005,6,1.096,0.069
2005,7,0.921,0.039
2005,8,0.734,0.039
2005,9,1.233,0.082
2005,10,1.327,0.089
2005,11,1.393,0.068
2005,12,1.148,0.079
2006,1,0.648,0.083
2006,2,1.239,0.064
2006,3,1.101,0.058
2006,4,0.654,0.074
2006,5,0.519,0.135
2006,6,1.091,0.099
2006,7,0.735,0.082
2006,8,1.131,0.085
2006,9,0.912,0.084
2006,10,1.024,0.07
2006,11,0.908,0.067
2006,12,1.286,0.077
2007,1,1.949,0.032
2007,2,1.055,0.068
2007,3,1.171,0.066
2007,4,1.399,0.093
2007,5,1.284,0.099
2007,6,0.98,0.095
2007,7,0.962,0.073
2007,8,0.962,0.067
2007,9,0.966,0.051
2007,10,1.014,0.094
2007,11,1.051,0.077
2007,12,0.803,0.044
2008,1,0.239,0.088
2008,2,0.437,0.04
2008,3,1.645,0.07
2008,4,0.9,0.086
2008,5,0.797,0.094
2008,6,0.763,0.087
2008,7,0.891,0.082
2008,8,0.549,0.067
2008,9,0.813,0.06
2008,10,1.141,0.053
2008,11,1.207,0.045
2008,12,0.676,0.067
2009,1,1.049,0.068
2009,2,0.934,0.047
2009,3,0.871,0.043
2009,4,0.934,0.076
2009,5,0.916,0.125
2009,6,0.89,0.146
2009,7,1.029,0.094
2009,8,0.912,0.096
2009,9,1.183,0.063
2009,10,0.823,0.07
2009,11,1.022,0.045
2009,12,0.587,0.081
2010,1,1.056,0.067
2010,2,1.203,0.097
2010,3,1.477,0.066
2010,4,1.298,0.075
2010,5,1.187,0.086
2010,6,1.019,0.114
2010,7,0.911,0.092
2010,8,0.989,0.078
2010,9,0.925,0.095
2010,10,1.148,0.059
2010,11,1.448,0.061
2010,12,0.55,0.075
2011,1,0.654,0.113
2011,2,0.533,0.074
2011,3,0.853,0.068
2011,4,1.088,0.074
2011,5,0.725,0.126
2011,6,1,0.102
2011,7,1.253,0.121
2011,8,1.291,0.087
2011,9,0.929,0.092
2011,10,1.072,0.054
2011,11,0.779,0.079
2011,12,0.922,0.081
2012,1,0.5,0.059
2012,2,0.413,0.08
2012,3,0.764,0.087
2012,4,1.254,0.092
2012,5,1.334,0.126
2012,6,1.101,0.104
2012,7,0.825,0.101
2012,8,0.913,0.117
2012,9,1.011,0.082
2012,10,1.095,0.046
2012,11,1.075,0.045
2012,12,0.326,0.127
2013,1,1.05,0.093
2013,2,0.983,0.082
2013,3,0.984,0.082
2013,4,0.635,0.087
2013,5,0.962,0.083
2013,6,1.191,0.123
2013,7,0.729,0.085
2013,8,0.993,0.097
2013,9,1.177,0.062
2013,10,0.951,0.074
2013,11,1.363,0.057
2013,12,0.963,0.1
2014,1,1.091,0.089
2014,2,0.298,0.074
2014,3,1.124,0.118
2014,4,1.195,0.093
2014,5,1.301,0.085
2014,6,0.928,0.129
2014,7,0.609,0.097
2014,8,1.11,0.096
2014,9,1.116,0.063
2014,10,1.049,0.069
2014,11,0.693,0.084
2014,12,1.134,0.131
2015,1,1.238,0.075
2015,2,1.448,0.062
2015,3,1.502,0.098
2015,4,0.928,0.154
2015,5,1.111,0.146
2015,6,1.147,0.107
2015,7,0.824,0.117
2015,8,0.991,0.072
2015,9,1.004,0.078
2015,10,1.468,0.075
2015,11,1.385,0.061
2015,12,1.748,0.107
2016,1,1.533,0.11
2016,2,2.162,0.054
2016,3,2.27,0.084
2016,4,1.764,0.098
2016,5,1.398,0.103
2016,6,1.008,0.124
2016,7,1.042,0.106
2016,8,1.526,0.071
2016,9,1.217,0.062
2016,10,0.955,0.1
2016,11,1.175,0.115
2016,12,1.199,0.101
2017,1,1.485,0.108
2017,2,1.728,0.066
2017,3,1.927,0.06
2017,4,1.249,0.091
2017,5,1.404,0.096
2017,6,0.896,0.114
2017,7,1.078,0.091
2017,8,1.152,0.08
2017,9,1.057,0.093
2017,10,1.246,0.109
2017,11,1.11,0.059
2017,12,1.405,0.066
2018,1,1.099,0.068
2018,2,1.082,0.054
2018,3,1.463,0.097
2018,4,1.296,0.095
2018,5,1.214,0.162
2018,6,1.123,0.145
2018,7,1.226,0.072
2018,8,1.06,0.153
2018,9,0.945,0.104
2018,10,1.315,0.081
2018,11,0.87,0.087
2018,12,1.144,0.068
2019,1,1.356,0.041
2019,2,1.219,0.04
2019,3,1.892,0.104
2019,4,1.491,0.101
2019,5,1.125,0.124
2019,6,1.157,0.127
2019,7,1.233,0.077
2019,8,1.178,0.085
2019,9,1.287,0.083
2019,10,1.434,0.089
2019,11,1.257,0.068
2019,12,1.656,0.086
2020,1,1.952,0.042
2020,2,2.085,0.051
2020,3,1.83,0.076
2020,4,1.636,0.083
2020,5,1.421,0.132
2020,6,1.325,0.13
2020,7,1.261,0.126
2020,8,1.193,0.08
2020,9,1.516,0.102
2020,10,1.159,0.086
2020,11,1.703,0.066
2020,12,1.064,0.112
